variant,profile,limit,phase,workload,operation,samples,min_ns,median_ns,max_ns,allocations,deallocations,allocated_bytes,freed_bytes
baseline,debug,32,cold,alternating_write_read,constructor,5,180,200,491,0,0,0,0
baseline,debug,32,cold,alternating_write_read,reset,5,120,121,451,0,0,0,0
baseline,debug,32,cold,alternating_write_read,write_read,5,9885,10276,75714,6,3,1056,448
baseline,debug,32,cold,ascending,constructor,5,210,451,24647,0,0,0,0
baseline,debug,32,cold,ascending,random_read,5,2163,2243,2775,0,0,0,0
baseline,debug,32,cold,ascending,reset,5,150,310,571,0,0,0,0
baseline,debug,32,cold,ascending,sequential_read,5,2244,2694,26290,0,0,0,0
baseline,debug,32,cold,ascending,write,5,6830,9484,110627,6,3,1056,448
baseline,debug,32,cold,distinct_ids,constructor,5,160,191,280,0,0,0,0
baseline,debug,32,cold,distinct_ids,read,5,4647,4818,5679,0,0,0,0
baseline,debug,32,cold,distinct_ids,reset,5,120,170,181,0,0,0,0
baseline,debug,32,cold,distinct_ids,write,5,13951,14512,15623,68,3,4576,224
baseline,debug,32,cold,large_multiqueue_suffix,constructor,5,150,180,411,0,0,0,0
baseline,debug,32,cold,large_multiqueue_suffix,prepare_suffix,5,5628,6039,6299,18,1,1120,32
baseline,debug,32,cold,large_multiqueue_suffix,read_suffix,5,2153,2224,2274,0,0,0,0
baseline,debug,32,cold,large_multiqueue_suffix,reset,5,130,170,171,0,0,0,0
baseline,debug,32,cold,large_multiqueue_suffix,write_read,5,2113,2133,5679,1,1,128,64
baseline,debug,32,cold,large_single_suffix,constructor,5,200,250,431,0,0,0,0
baseline,debug,32,cold,large_single_suffix,prepare_suffix,5,5198,5508,8543,8,3,1184,448
baseline,debug,32,cold,large_single_suffix,read_suffix,5,1732,1993,3466,0,0,0,0
baseline,debug,32,cold,large_single_suffix,reset,5,111,131,320,0,0,0,0
baseline,debug,32,cold,large_single_suffix,write_read,5,2374,2694,2905,1,1,128,64
baseline,debug,32,cold,multiqueue_bulk,constructor,5,170,180,250,0,0,0,0
baseline,debug,32,cold,multiqueue_bulk,random_read,5,2453,2664,4056,0,0,0,0
baseline,debug,32,cold,multiqueue_bulk,reset,5,140,170,1923,0,0,0,0
baseline,debug,32,cold,multiqueue_bulk,write,5,6249,6660,8894,13,4,1056,256
baseline,debug,32,cold,multiqueue_last_interleave,constructor,5,190,261,531,0,0,0,0
baseline,debug,32,cold,multiqueue_last_interleave,reset,5,110,121,260,0,0,0,0
baseline,debug,32,cold,multiqueue_last_interleave,write_read,5,11297,12589,14122,12,3,1440,448
baseline,debug,32,cold,multiqueue_nonlast_interleave,constructor,5,220,241,271,0,0,0,0
baseline,debug,32,cold,multiqueue_nonlast_interleave,reset,5,110,110,120,0,0,0,0
baseline,debug,32,cold,multiqueue_nonlast_interleave,write_read,5,9835,9925,10026,12,3,1440,448
baseline,debug,32,cold,random,constructor,5,190,210,240,0,0,0,0
baseline,debug,32,cold,random,random_read,5,1883,1933,1963,0,0,0,0
baseline,debug,32,cold,random,reset,5,120,151,200,0,0,0,0
baseline,debug,32,cold,random,sequential_read,5,1903,1923,1953,0,0,0,0
baseline,debug,32,cold,random,write,5,6039,6190,6539,6,3,1056,448
baseline,debug,32,cold,reverse,constructor,5,181,200,401,0,0,0,0
baseline,debug,32,cold,reverse,random_read,5,1863,1933,1953,0,0,0,0
baseline,debug,32,cold,reverse,reset,5,121,210,220,0,0,0,0
baseline,debug,32,cold,reverse,sequential_read,5,1903,1962,1963,0,0,0,0
baseline,debug,32,cold,reverse,write,5,5378,5709,16595,6,3,1056,448
baseline,debug,32,reused,alternating_write_read,reset,5,110,111,230,0,0,0,0
baseline,debug,32,reused,alternating_write_read,write_read,5,8903,9114,9344,0,0,0,0
baseline,debug,32,reused,ascending,random_read,5,1863,1913,1963,0,0,0,0
baseline,debug,32,reused,ascending,reset,5,140,150,171,0,0,0,0
baseline,debug,32,reused,ascending,sequential_read,5,1943,1963,2354,0,0,0,0
baseline,debug,32,reused,ascending,write,5,5288,5579,10205,0,0,0,0
baseline,debug,32,reused,distinct_ids,read,5,4116,4197,4247,0,0,0,0
baseline,debug,32,reused,distinct_ids,reset,5,130,221,261,0,0,0,0
baseline,debug,32,reused,distinct_ids,write,5,7541,7611,7822,0,0,0,0
baseline,debug,32,reused,large_multiqueue_suffix,prepare_suffix,5,3796,3936,3996,0,0,0,0
baseline,debug,32,reused,large_multiqueue_suffix,read_suffix,5,2143,2234,3536,0,0,0,0
baseline,debug,32,reused,large_multiqueue_suffix,reset,5,140,170,240,0,0,0,0
baseline,debug,32,reused,large_multiqueue_suffix,write_read,5,1983,1993,2274,0,0,0,0
baseline,debug,32,reused,large_single_suffix,prepare_suffix,5,4076,4186,4807,0,0,0,0
baseline,debug,32,reused,large_single_suffix,read_suffix,5,1493,1562,1682,0,0,0,0
baseline,debug,32,reused,large_single_suffix,reset,5,130,160,210,0,0,0,0
baseline,debug,32,reused,large_single_suffix,write_read,5,1993,2053,2354,0,0,0,0
baseline,debug,32,reused,multiqueue_bulk,random_read,5,2164,2173,2454,0,0,0,0
baseline,debug,32,reused,multiqueue_bulk,reset,5,140,170,200,0,0,0,0
baseline,debug,32,reused,multiqueue_bulk,write,5,4597,5168,5489,0,0,0,0
baseline,debug,32,reused,multiqueue_last_interleave,reset,5,110,110,131,0,0,0,0
baseline,debug,32,reused,multiqueue_last_interleave,write_read,5,9234,9254,9966,0,0,0,0
baseline,debug,32,reused,multiqueue_nonlast_interleave,reset,5,110,120,120,0,0,0,0
baseline,debug,32,reused,multiqueue_nonlast_interleave,write_read,5,8483,8653,8753,0,0,0,0
baseline,debug,32,reused,random,random_read,5,1863,1923,1953,0,0,0,0
baseline,debug,32,reused,random,reset,5,120,140,170,0,0,0,0
baseline,debug,32,reused,random,sequential_read,5,1923,1973,2003,0,0,0,0
baseline,debug,32,reused,random,write,5,5168,5258,5478,0,0,0,0
baseline,debug,32,reused,reverse,random_read,5,1893,1943,1953,0,0,0,0
baseline,debug,32,reused,reverse,reset,5,121,140,190,0,0,0,0
baseline,debug,32,reused,reverse,sequential_read,5,1913,1933,2013,0,0,0,0
baseline,debug,32,reused,reverse,write,5,4506,4527,4678,0,0,0,0
baseline,debug,128,cold,alternating_write_read,constructor,5,240,260,681,0,0,0,0
baseline,debug,128,cold,alternating_write_read,reset,5,140,161,220,0,0,0,0
baseline,debug,128,cold,alternating_write_read,write_read,5,50877,54171,105029,8,5,4128,1984
baseline,debug,128,cold,ascending,constructor,5,180,190,381,0,0,0,0
baseline,debug,128,cold,ascending,random_read,5,6911,7041,7271,0,0,0,0
baseline,debug,128,cold,ascending,reset,5,160,170,270,0,0,0,0
baseline,debug,128,cold,ascending,sequential_read,5,6910,7261,7481,0,0,0,0
baseline,debug,128,cold,ascending,write,5,37597,39399,39950,8,5,4128,1984
baseline,debug,128,cold,distinct_ids,constructor,5,140,191,321,0,0,0,0
baseline,debug,128,cold,distinct_ids,read,5,16204,16585,22974,0,0,0,0
baseline,debug,128,cold,distinct_ids,reset,5,120,281,491,0,0,0,0
baseline,debug,128,cold,distinct_ids,write,5,103416,115254,286583,262,5,18400,992
baseline,debug,128,cold,large_multiqueue_suffix,constructor,5,161,221,250,0,0,0,0
baseline,debug,128,cold,large_multiqueue_suffix,prepare_suffix,5,20191,21161,56626,32,15,3808,1376
baseline,debug,128,cold,large_multiqueue_suffix,read_suffix,5,5508,5649,10376,0,0,0,0
baseline,debug,128,cold,large_multiqueue_suffix,reset,5,211,221,360,0,0,0,0
baseline,debug,128,cold,large_multiqueue_suffix,write_read,5,9444,9595,12719,3,3,896,448
baseline,debug,128,cold,large_single_suffix,constructor,5,140,200,220,0,0,0,0
baseline,debug,128,cold,large_single_suffix,prepare_suffix,5,25017,25128,28012,10,5,4256,1984
baseline,debug,128,cold,large_single_suffix,read_suffix,5,5128,5358,5448,0,0,0,0
baseline,debug,128,cold,large_single_suffix,reset,5,140,211,271,0,0,0,0
baseline,debug,128,cold,large_single_suffix,write_read,5,9885,10156,11998,3,3,896,448
baseline,debug,128,cold,multiqueue_bulk,constructor,5,200,251,761,0,0,0,0
baseline,debug,128,cold,multiqueue_bulk,random_read,5,7361,7632,7742,0,0,0,0
baseline,debug,128,cold,multiqueue_bulk,reset,5,110,120,160,0,0,0,0
baseline,debug,128,cold,multiqueue_bulk,write,5,25589,26821,27782,21,12,4128,1792
baseline,debug,128,cold,multiqueue_last_interleave,constructor,5,270,290,581,0,0,0,0
baseline,debug,128,cold,multiqueue_last_interleave,reset,5,141,170,200,0,0,0,0
baseline,debug,128,cold,multiqueue_last_interleave,write_read,5,53490,53681,54873,14,5,4512,1984
baseline,debug,128,cold,multiqueue_nonlast_interleave,constructor,5,180,200,291,0,0,0,0
baseline,debug,128,cold,multiqueue_nonlast_interleave,reset,5,171,220,671,0,0,0,0
baseline,debug,128,cold,multiqueue_nonlast_interleave,write_read,5,49625,50146,220733,14,5,4512,1984
baseline,debug,128,cold,random,constructor,5,170,190,290,0,0,0,0
baseline,debug,128,cold,random,random_read,5,6670,6721,6790,0,0,0,0
baseline,debug,128,cold,random,reset,5,120,180,240,0,0,0,0
baseline,debug,128,cold,random,sequential_read,5,6881,7000,7481,0,0,0,0
baseline,debug,128,cold,random,write,5,28753,29525,29624,8,5,4128,1984
baseline,debug,128,cold,reverse,constructor,5,150,201,300,0,0,0,0
baseline,debug,128,cold,reverse,random_read,5,6640,6730,6881,0,0,0,0
baseline,debug,128,cold,reverse,reset,5,151,190,221,0,0,0,0
baseline,debug,128,cold,reverse,sequential_read,5,6821,7071,29645,0,0,0,0
baseline,debug,128,cold,reverse,write,5,18729,18818,44928,8,5,4128,1984
baseline,debug,128,reused,alternating_write_read,reset,5,140,140,330,0,0,0,0
baseline,debug,128,reused,alternating_write_read,write_read,5,48954,49084,49394,0,0,0,0
baseline,debug,128,reused,ascending,random_read,5,6690,6701,6790,0,0,0,0
baseline,debug,128,reused,ascending,reset,5,131,140,180,0,0,0,0
baseline,debug,128,reused,ascending,sequential_read,5,6781,7071,7131,0,0,0,0
baseline,debug,128,reused,ascending,write,5,34532,34682,34762,0,0,0,0
baseline,debug,128,reused,distinct_ids,read,5,16145,16215,29014,0,0,0,0
baseline,debug,128,reused,distinct_ids,reset,5,120,251,381,0,0,0,0
baseline,debug,128,reused,distinct_ids,write,5,79550,94613,133452,0,0,0,0
baseline,debug,128,reused,large_multiqueue_suffix,prepare_suffix,5,15944,16625,36635,0,0,0,0
baseline,debug,128,reused,large_multiqueue_suffix,read_suffix,5,5598,9174,119942,0,0,0,0
baseline,debug,128,reused,large_multiqueue_suffix,reset,5,151,261,781,0,0,0,0
baseline,debug,128,reused,large_multiqueue_suffix,write_read,5,8874,8993,9474,0,0,0,0
baseline,debug,128,reused,large_single_suffix,prepare_suffix,5,23135,23265,23536,0,0,0,0
baseline,debug,128,reused,large_single_suffix,read_suffix,5,4817,4858,4878,0,0,0,0
baseline,debug,128,reused,large_single_suffix,reset,5,150,170,210,0,0,0,0
baseline,debug,128,reused,large_single_suffix,write_read,5,8933,9144,9254,0,0,0,0
baseline,debug,128,reused,multiqueue_bulk,random_read,5,7080,7100,7161,0,0,0,0
baseline,debug,128,reused,multiqueue_bulk,reset,5,120,130,180,0,0,0,0
baseline,debug,128,reused,multiqueue_bulk,write,5,22524,22764,23265,0,0,0,0
baseline,debug,128,reused,multiqueue_last_interleave,reset,5,150,160,180,0,0,0,0
baseline,debug,128,reused,multiqueue_last_interleave,write_read,5,51118,51167,63145,0,0,0,0
baseline,debug,128,reused,multiqueue_nonlast_interleave,reset,5,151,220,310,0,0,0,0
baseline,debug,128,reused,multiqueue_nonlast_interleave,write_read,5,48113,48233,102635,0,0,0,0
baseline,debug,128,reused,random,random_read,5,6680,6710,6781,0,0,0,0
baseline,debug,128,reused,random,reset,5,120,130,190,0,0,0,0
baseline,debug,128,reused,random,sequential_read,5,6941,7061,7220,0,0,0,0
baseline,debug,128,reused,random,write,5,27751,28273,28403,0,0,0,0
baseline,debug,128,reused,reverse,random_read,5,6670,6720,6810,0,0,0,0
baseline,debug,128,reused,reverse,reset,5,140,150,240,0,0,0,0
baseline,debug,128,reused,reverse,sequential_read,5,6720,6870,6990,0,0,0,0
baseline,debug,128,reused,reverse,write,5,17366,17416,17517,0,0,0,0
baseline,debug,512,cold,alternating_write_read,constructor,5,231,251,501,0,0,0,0
baseline,debug,512,cold,alternating_write_read,reset,5,141,161,310,0,0,0,0
baseline,debug,512,cold,alternating_write_read,write_read,5,432774,446004,484321,10,7,16416,8128
baseline,debug,512,cold,ascending,constructor,5,220,440,501,0,0,0,0
baseline,debug,512,cold,ascending,random_read,5,26310,26390,73291,0,0,0,0
baseline,debug,512,cold,ascending,reset,5,220,321,390,0,0,0,0
baseline,debug,512,cold,ascending,sequential_read,5,26460,26690,97518,0,0,0,0
baseline,debug,512,cold,ascending,write,5,366083,373113,421537,10,7,16416,8128
baseline,debug,512,cold,distinct_ids,constructor,5,200,261,481,0,0,0,0
baseline,debug,512,cold,distinct_ids,read,5,63516,65519,66791,0,0,0,0
baseline,debug,512,cold,distinct_ids,reset,5,300,321,611,0,0,0,0
baseline,debug,512,cold,distinct_ids,write,5,1221184,1266994,1497131,1032,7,73696,4064
baseline,debug,512,cold,large_multiqueue_suffix,constructor,5,190,351,752,0,0,0,0
baseline,debug,512,cold,large_multiqueue_suffix,prepare_suffix,5,91818,92930,232642,46,29,14560,6752
baseline,debug,512,cold,large_multiqueue_suffix,read_suffix,5,19089,19139,19470,0,0,0,0
baseline,debug,512,cold,large_multiqueue_suffix,reset,5,140,220,500,0,0,0,0
baseline,debug,512,cold,large_multiqueue_suffix,write_read,5,50075,50416,52479,5,5,3968,1984
baseline,debug,512,cold,large_single_suffix,constructor,5,281,311,441,0,0,0,0
baseline,debug,512,cold,large_single_suffix,prepare_suffix,5,217388,240103,414897,12,7,16544,8128
baseline,debug,512,cold,large_single_suffix,read_suffix,5,18879,19179,19479,0,0,0,0
baseline,debug,512,cold,large_single_suffix,reset,5,251,321,631,0,0,0,0
baseline,debug,512,cold,large_single_suffix,write_read,5,50676,51177,62594,5,5,3968,1984
baseline,debug,512,cold,multiqueue_bulk,constructor,5,170,450,841,0,0,0,0
baseline,debug,512,cold,multiqueue_bulk,random_read,5,26830,26871,44507,0,0,0,0
baseline,debug,512,cold,multiqueue_bulk,reset,5,161,171,320,0,0,0,0
baseline,debug,512,cold,multiqueue_bulk,write,5,151539,152451,205991,29,20,16416,7936
baseline,debug,512,cold,multiqueue_last_interleave,constructor,5,290,601,731,0,0,0,0
baseline,debug,512,cold,multiqueue_last_interleave,reset,5,120,150,921,0,0,0,0
baseline,debug,512,cold,multiqueue_last_interleave,write_read,5,428207,441477,1756333,16,7,16800,8128
baseline,debug,512,cold,multiqueue_nonlast_interleave,constructor,5,230,551,1242,0,0,0,0
baseline,debug,512,cold,multiqueue_nonlast_interleave,reset,5,170,181,360,0,0,0,0
baseline,debug,512,cold,multiqueue_nonlast_interleave,write_read,5,414496,415327,440325,16,7,16800,8128
baseline,debug,512,cold,random,constructor,5,150,210,250,0,0,0,0
baseline,debug,512,cold,random,random_read,5,26079,26249,44147,0,0,0,0
baseline,debug,512,cold,random,reset,5,171,221,401,0,0,0,0
baseline,debug,512,cold,random,sequential_read,5,26360,26420,27572,0,0,0,0
baseline,debug,512,cold,random,write,5,229116,258280,343679,10,7,16416,8128
baseline,debug,512,cold,reverse,constructor,5,191,461,591,0,0,0,0
baseline,debug,512,cold,reverse,random_read,5,26049,26139,32659,0,0,0,0
baseline,debug,512,cold,reverse,reset,5,140,240,280,0,0,0,0
baseline,debug,512,cold,reverse,sequential_read,5,26370,26420,26540,0,0,0,0
baseline,debug,512,cold,reverse,write,5,83957,84477,85419,10,7,16416,8128
baseline,debug,512,reused,alternating_write_read,reset,5,140,160,210,0,0,0,0
baseline,debug,512,reused,alternating_write_read,write_read,5,412943,414136,429539,0,0,0,0
baseline,debug,512,reused,ascending,random_read,5,26049,26240,39330,0,0,0,0
baseline,debug,512,reused,ascending,reset,5,180,301,441,0,0,0,0
baseline,debug,512,reused,ascending,sequential_read,5,26360,26751,237339,0,0,0,0
baseline,debug,512,reused,ascending,write,5,356519,357410,440345,0,0,0,0
baseline,debug,512,reused,distinct_ids,read,5,62765,64989,65499,0,0,0,0
baseline,debug,512,reused,distinct_ids,reset,5,191,391,411,0,0,0,0
baseline,debug,512,reused,distinct_ids,write,5,1129005,1214735,1343259,0,0,0,0
baseline,debug,512,reused,large_multiqueue_suffix,prepare_suffix,5,84327,85269,114463,0,0,0,0
baseline,debug,512,reused,large_multiqueue_suffix,read_suffix,5,19028,19058,19209,0,0,0,0
baseline,debug,512,reused,large_multiqueue_suffix,reset,5,140,270,371,0,0,0,0
baseline,debug,512,reused,large_multiqueue_suffix,write_read,5,49014,49315,114022,0,0,0,0
baseline,debug,512,reused,large_single_suffix,prepare_suffix,5,214815,215836,229797,0,0,0,0
baseline,debug,512,reused,large_single_suffix,read_suffix,5,18378,18388,18678,0,0,0,0
baseline,debug,512,reused,large_single_suffix,reset,5,150,151,281,0,0,0,0
baseline,debug,512,reused,large_single_suffix,write_read,5,48934,49334,49625,0,0,0,0
baseline,debug,512,reused,multiqueue_bulk,random_read,5,26269,26390,26770,0,0,0,0
baseline,debug,512,reused,multiqueue_bulk,reset,5,170,191,331,0,0,0,0
baseline,debug,512,reused,multiqueue_bulk,write,5,145830,147102,170568,0,0,0,0
baseline,debug,512,reused,multiqueue_last_interleave,reset,5,151,230,411,0,0,0,0
baseline,debug,512,reused,multiqueue_last_interleave,write_read,5,424361,490591,572605,0,0,0,0
baseline,debug,512,reused,multiqueue_nonlast_interleave,reset,5,140,150,681,0,0,0,0
baseline,debug,512,reused,multiqueue_nonlast_interleave,write_read,5,411472,426644,593146,0,0,0,0
baseline,debug,512,reused,random,random_read,5,25869,25939,26270,0,0,0,0
baseline,debug,512,reused,random,reset,5,161,230,350,0,0,0,0
baseline,debug,512,reused,random,sequential_read,5,26240,26370,38858,0,0,0,0
baseline,debug,512,reused,random,write,5,226632,227093,227343,0,0,0,0
baseline,debug,512,reused,reverse,random_read,5,26009,26080,26570,0,0,0,0
baseline,debug,512,reused,reverse,reset,5,120,200,280,0,0,0,0
baseline,debug,512,reused,reverse,sequential_read,5,26280,26350,26640,0,0,0,0
baseline,debug,512,reused,reverse,write,5,81774,82154,97648,0,0,0,0
baseline,debug,4096,cold,alternating_write_read,constructor,5,821,1933,121974,0,0,0,0
baseline,debug,4096,cold,alternating_write_read,reset,5,1742,2103,3816,0,0,0,0
baseline,debug,4096,cold,alternating_write_read,write_read,5,20252447,24200260,26253585,13,10,131104,65472
baseline,debug,4096,cold,ascending,constructor,5,2844,3395,57477,0,0,0,0
baseline,debug,4096,cold,ascending,random_read,5,206041,207263,223979,0,0,0,0
baseline,debug,4096,cold,ascending,reset,5,741,922,1161,0,0,0,0
baseline,debug,4096,cold,ascending,sequential_read,5,215686,217529,230749,0,0,0,0
baseline,debug,4096,cold,ascending,write,5,20248150,21370696,23924954,13,10,131104,65472
baseline,debug,4096,cold,distinct_ids,constructor,5,1753,2484,3065,0,0,0,0
baseline,debug,4096,cold,distinct_ids,read,5,522800,529570,598744,0,0,0,0
baseline,debug,4096,cold,distinct_ids,reset,5,1402,1482,1543,0,0,0,0
baseline,debug,4096,cold,distinct_ids,write,5,73115565,79953533,82295809,8203,10,589792,32736
baseline,debug,4096,cold,large_multiqueue_suffix,constructor,5,2343,3105,3305,0,0,0,0
baseline,debug,4096,cold,large_multiqueue_suffix,prepare_suffix,5,2048404,2345242,2658065,67,50,114912,56928
baseline,debug,4096,cold,large_multiqueue_suffix,read_suffix,5,144709,174323,285581,0,0,0,0
baseline,debug,4096,cold,large_multiqueue_suffix,reset,5,461,802,982,0,0,0,0
baseline,debug,4096,cold,large_multiqueue_suffix,write_read,5,1517962,1601949,1770925,8,8,32640,16320
baseline,debug,4096,cold,large_single_suffix,constructor,5,541,1543,1763,0,0,0,0
baseline,debug,4096,cold,large_single_suffix,prepare_suffix,5,11604386,12590915,13413578,15,10,131232,65472
baseline,debug,4096,cold,large_single_suffix,read_suffix,5,145510,164469,205410,0,0,0,0
baseline,debug,4096,cold,large_single_suffix,reset,5,951,1092,1843,0,0,0,0
baseline,debug,4096,cold,large_single_suffix,write_read,5,1447366,1649611,2140273,8,8,32640,16320
baseline,debug,4096,cold,multiqueue_bulk,constructor,5,3305,3676,4206,0,0,0,0
baseline,debug,4096,cold,multiqueue_bulk,random_read,5,207423,209827,251400,0,0,0,0
baseline,debug,4096,cold,multiqueue_bulk,reset,5,250,741,1092,0,0,0,0
baseline,debug,4096,cold,multiqueue_bulk,write,5,5369789,6033863,6423501,41,32,131104,65280
baseline,debug,4096,cold,multiqueue_last_interleave,constructor,5,3135,3285,3655,0,0,0,0
baseline,debug,4096,cold,multiqueue_last_interleave,reset,5,2003,2644,3004,0,0,0,0
baseline,debug,4096,cold,multiqueue_last_interleave,write_read,5,20619982,21769277,25200786,19,10,131488,65472
baseline,debug,4096,cold,multiqueue_nonlast_interleave,constructor,5,3225,3585,4147,0,0,0,0
baseline,debug,4096,cold,multiqueue_nonlast_interleave,reset,5,1913,2734,2865,0,0,0,0
baseline,debug,4096,cold,multiqueue_nonlast_interleave,write_read,5,20588134,22611971,23747656,19,10,131488,65472
baseline,debug,4096,cold,random,constructor,5,1102,1192,1803,0,0,0,0
baseline,debug,4096,cold,random,random_read,5,205480,205972,266082,0,0,0,0
baseline,debug,4096,cold,random,reset,5,571,691,1181,0,0,0,0
baseline,debug,4096,cold,random,sequential_read,5,210628,227554,376007,0,0,0,0
baseline,debug,4096,cold,random,write,5,11421639,12190350,13333898,13,10,131104,65472
baseline,debug,4096,cold,reverse,constructor,5,2824,3635,3836,0,0,0,0
baseline,debug,4096,cold,reverse,random_read,5,205159,248335,322848,0,0,0,0
baseline,debug,4096,cold,reverse,reset,5,301,581,831,0,0,0,0
baseline,debug,4096,cold,reverse,sequential_read,5,207733,245631,365351,0,0,0,0
baseline,debug,4096,cold,reverse,write,5,2004017,2238621,2511193,13,10,131104,65472
baseline,debug,4096,reused,alternating_write_read,reset,5,2253,2644,3085,0,0,0,0
baseline,debug,4096,reused,alternating_write_read,write_read,5,21505429,23751151,25868398,0,0,0,0
baseline,debug,4096,reused,ascending,random_read,5,206912,221254,622551,0,0,0,0
baseline,debug,4096,reused,ascending,reset,5,911,981,1462,0,0,0,0
baseline,debug,4096,reused,ascending,sequential_read,5,212280,236156,299642,0,0,0,0
baseline,debug,4096,reused,ascending,write,5,19928538,21669628,22616918,0,0,0,0
baseline,debug,4096,reused,distinct_ids,read,5,522179,544823,712967,0,0,0,0
baseline,debug,4096,reused,distinct_ids,reset,5,1432,1502,1692,0,0,0,0
baseline,debug,4096,reused,distinct_ids,write,5,71817725,79847813,84093365,0,0,0,0
baseline,debug,4096,reused,large_multiqueue_suffix,prepare_suffix,5,2042786,2080592,2615480,0,0,0,0
baseline,debug,4096,reused,large_multiqueue_suffix,read_suffix,5,144248,146041,325081,0,0,0,0
baseline,debug,4096,reused,large_multiqueue_suffix,reset,5,250,621,831,0,0,0,0
baseline,debug,4096,reused,large_multiqueue_suffix,write_read,5,1439044,1448608,1730293,0,0,0,0
baseline,debug,4096,reused,large_single_suffix,prepare_suffix,5,11457224,12734132,12929237,0,0,0,0
baseline,debug,4096,reused,large_single_suffix,read_suffix,5,145360,147603,158099,0,0,0,0
baseline,debug,4096,reused,large_single_suffix,reset,5,721,991,1182,0,0,0,0
baseline,debug,4096,reused,large_single_suffix,write_read,5,1442288,1555880,1588319,0,0,0,0
baseline,debug,4096,reused,multiqueue_bulk,random_read,5,205911,208194,276278,0,0,0,0
baseline,debug,4096,reused,multiqueue_bulk,reset,5,421,570,812,0,0,0,0
baseline,debug,4096,reused,multiqueue_bulk,write,5,5340545,5535480,6162187,0,0,0,0
baseline,debug,4096,reused,multiqueue_last_interleave,reset,5,2093,2373,3065,0,0,0,0
baseline,debug,4096,reused,multiqueue_last_interleave,write_read,5,21424376,22007617,24054789,0,0,0,0
baseline,debug,4096,reused,multiqueue_nonlast_interleave,reset,5,1562,2204,2634,0,0,0,0
baseline,debug,4096,reused,multiqueue_nonlast_interleave,write_read,5,21406550,22414672,24104996,0,0,0,0
baseline,debug,4096,reused,random,random_read,5,205059,251540,362157,0,0,0,0
baseline,debug,4096,reused,random,reset,5,601,831,931,0,0,0,0
baseline,debug,4096,reused,random,sequential_read,5,209176,220623,239612,0,0,0,0
baseline,debug,4096,reused,random,write,5,10934504,11380217,12388640,0,0,0,0
baseline,debug,4096,reused,reverse,random_read,5,204779,207163,272301,0,0,0,0
baseline,debug,4096,reused,reverse,reset,5,381,471,531,0,0,0,0
baseline,debug,4096,reused,reverse,sequential_read,5,207654,208285,208405,0,0,0,0
baseline,debug,4096,reused,reverse,write,5,2047733,2249838,2314726,0,0,0,0
baseline,debug,8192,cold,alternating_write_read,constructor,5,1923,2965,3535,0,0,0,0
baseline,debug,8192,cold,alternating_write_read,reset,5,2915,3245,3315,0,0,0,0
baseline,debug,8192,cold,alternating_write_read,write_read,5,80136911,81309199,86957392,14,11,262176,131008
baseline,debug,8192,cold,ascending,constructor,5,430,5087,5829,0,0,0,0
baseline,debug,8192,cold,ascending,random_read,5,413144,426344,580286,0,0,0,0
baseline,debug,8192,cold,ascending,reset,5,791,912,1071,0,0,0,0
baseline,debug,8192,cold,ascending,sequential_read,5,424201,445733,496520,0,0,0,0
baseline,debug,8192,cold,ascending,write,5,81799121,83748266,87682045,14,11,262176,131008
baseline,debug,8192,cold,distinct_ids,constructor,5,3064,3395,3716,0,0,0,0
baseline,debug,8192,cold,distinct_ids,read,5,1056906,1065229,1177409,0,0,0,0
baseline,debug,8192,cold,distinct_ids,reset,5,1523,1622,1842,0,0,0,0
baseline,debug,8192,cold,distinct_ids,write,5,288776854,307444202,321812359,16396,11,1179616,65504
baseline,debug,8192,cold,large_multiqueue_suffix,constructor,5,3495,3635,3936,0,0,0,0
baseline,debug,8192,cold,large_multiqueue_suffix,prepare_suffix,5,7259404,7810387,8270861,74,57,229600,114272
baseline,debug,8192,cold,large_multiqueue_suffix,read_suffix,5,288236,290569,304120,0,0,0,0
baseline,debug,8192,cold,large_multiqueue_suffix,reset,5,631,971,1652,0,0,0,0
baseline,debug,8192,cold,large_multiqueue_suffix,write_read,5,5287316,5462099,5489141,9,9,65408,32704
baseline,debug,8192,cold,large_single_suffix,constructor,5,2213,2724,3866,0,0,0,0
baseline,debug,8192,cold,large_single_suffix,prepare_suffix,5,44869285,44959423,50271955,16,11,262304,131008
baseline,debug,8192,cold,large_single_suffix,read_suffix,5,290078,316338,346263,0,0,0,0
baseline,debug,8192,cold,large_single_suffix,reset,5,1262,1452,1653,0,0,0,0
baseline,debug,8192,cold,large_single_suffix,write_read,5,5330070,5459265,5790926,9,9,65408,32704
baseline,debug,8192,cold,multiqueue_bulk,constructor,5,3796,3916,4167,0,0,0,0
baseline,debug,8192,cold,multiqueue_bulk,random_read,5,418742,504392,639866,0,0,0,0
baseline,debug,8192,cold,multiqueue_bulk,reset,5,921,1241,1662,0,0,0,0
baseline,debug,8192,cold,multiqueue_bulk,write,5,20490917,20655746,24484548,45,36,262176,130816
baseline,debug,8192,cold,multiqueue_last_interleave,constructor,5,2984,3105,3225,0,0,0,0
baseline,debug,8192,cold,multiqueue_last_interleave,reset,5,2814,3054,3335,0,0,0,0
baseline,debug,8192,cold,multiqueue_last_interleave,write_read,5,81276653,84133134,87805871,20,11,262560,131008
baseline,debug,8192,cold,multiqueue_nonlast_interleave,constructor,5,3675,4116,4617,0,0,0,0
baseline,debug,8192,cold,multiqueue_nonlast_interleave,reset,5,2554,3305,3646,0,0,0,0
baseline,debug,8192,cold,multiqueue_nonlast_interleave,write_read,5,81309340,82154939,86519541,20,11,262560,131008
baseline,debug,8192,cold,random,constructor,5,1312,1623,1953,0,0,0,0
baseline,debug,8192,cold,random,random_read,5,409959,410870,441306,0,0,0,0
baseline,debug,8192,cold,random,reset,5,711,781,952,0,0,0,0
baseline,debug,8192,cold,random,sequential_read,5,418813,433876,459144,0,0,0,0
baseline,debug,8192,cold,random,write,5,43408360,44731738,52581662,14,11,262176,131008
baseline,debug,8192,cold,reverse,constructor,5,3405,3756,3996,0,0,0,0
baseline,debug,8192,cold,reverse,random_read,5,409269,422478,567007,0,0,0,0
baseline,debug,8192,cold,reverse,reset,5,360,671,1362,0,0,0,0
baseline,debug,8192,cold,reverse,sequential_read,5,412773,423640,451933,0,0,0,0
baseline,debug,8192,cold,reverse,write,5,7166994,7395139,7509262,14,11,262176,131008
baseline,debug,8192,reused,alternating_write_read,reset,5,3075,3135,3576,0,0,0,0
baseline,debug,8192,reused,alternating_write_read,write_read,5,81029268,81385395,85730106,0,0,0,0
baseline,debug,8192,reused,ascending,random_read,5,410840,413946,426394,0,0,0,0
baseline,debug,8192,reused,ascending,reset,5,792,881,1152,0,0,0,0
baseline,debug,8192,reused,ascending,sequential_read,5,424081,440015,450541,0,0,0,0
baseline,debug,8192,reused,ascending,write,5,79525338,80995789,82169310,0,0,0,0
baseline,debug,8192,reused,distinct_ids,read,5,1040151,1042585,1062314,0,0,0,0
baseline,debug,8192,reused,distinct_ids,reset,5,1403,1542,1743,0,0,0,0
baseline,debug,8192,reused,distinct_ids,write,5,287702762,301690089,311591861,0,0,0,0
baseline,debug,8192,reused,large_multiqueue_suffix,prepare_suffix,5,7180204,7246645,7450662,0,0,0,0
baseline,debug,8192,reused,large_multiqueue_suffix,read_suffix,5,289538,301525,415678,0,0,0,0
baseline,debug,8192,reused,large_multiqueue_suffix,reset,5,882,992,1542,0,0,0,0
baseline,debug,8192,reused,large_multiqueue_suffix,write_read,5,5260595,5580829,8063759,0,0,0,0
baseline,debug,8192,reused,large_single_suffix,prepare_suffix,5,44859442,46480669,48992151,0,0,0,0
baseline,debug,8192,reused,large_single_suffix,read_suffix,5,290168,295857,305451,0,0,0,0
baseline,debug,8192,reused,large_single_suffix,reset,5,1282,1533,27742,0,0,0,0
baseline,debug,8192,reused,large_single_suffix,write_read,5,5256078,5266864,5991669,0,0,0,0
baseline,debug,8192,reused,multiqueue_bulk,random_read,5,427786,429529,573205,0,0,0,0
baseline,debug,8192,reused,multiqueue_bulk,reset,5,802,1121,1302,0,0,0,0
baseline,debug,8192,reused,multiqueue_bulk,write,5,20252928,20783168,22537698,0,0,0,0
baseline,debug,8192,reused,multiqueue_last_interleave,reset,5,2795,2835,3044,0,0,0,0
baseline,debug,8192,reused,multiqueue_last_interleave,write_read,5,80881305,81416052,84795755,0,0,0,0
baseline,debug,8192,reused,multiqueue_nonlast_interleave,reset,5,2674,2845,3536,0,0,0,0
baseline,debug,8192,reused,multiqueue_nonlast_interleave,write_read,5,81431937,83126537,84667512,0,0,0,0
baseline,debug,8192,reused,random,random_read,5,410700,424071,619206,0,0,0,0
baseline,debug,8192,reused,random,reset,5,1091,1152,1282,0,0,0,0
baseline,debug,8192,reused,random,sequential_read,5,425022,437971,488227,0,0,0,0
baseline,debug,8192,reused,random,write,5,44216140,45420959,49322783,0,0,0,0
baseline,debug,8192,reused,reverse,random_read,5,409248,412193,427786,0,0,0,0
baseline,debug,8192,reused,reverse,reset,5,480,681,711,0,0,0,0
baseline,debug,8192,reused,reverse,sequential_read,5,412503,413484,449358,0,0,0,0
baseline,debug,8192,reused,reverse,write,5,7262428,7769794,7812399,0,0,0,0
baseline,optimized,32,cold,alternating_write_read,constructor,5,20,30,31,0,0,0,0
baseline,optimized,32,cold,alternating_write_read,reset,5,20,30,30,0,0,0,0
baseline,optimized,32,cold,alternating_write_read,write_read,5,1092,1192,1272,6,3,1056,448
baseline,optimized,32,cold,ascending,constructor,5,20,30,4296,0,0,0,0
baseline,optimized,32,cold,ascending,random_read,5,210,250,361,0,0,0,0
baseline,optimized,32,cold,ascending,reset,5,20,20,30,0,0,0,0
baseline,optimized,32,cold,ascending,sequential_read,5,210,261,9134,0,0,0,0
baseline,optimized,32,cold,ascending,write,5,981,1092,10506,6,3,1056,448
baseline,optimized,32,cold,distinct_ids,constructor,5,20,20,31,0,0,0,0
baseline,optimized,32,cold,distinct_ids,read,5,360,430,721,0,0,0,0
baseline,optimized,32,cold,distinct_ids,reset,5,20,20,30,0,0,0,0
baseline,optimized,32,cold,distinct_ids,write,5,1973,2704,3376,68,3,4576,224
baseline,optimized,32,cold,large_multiqueue_suffix,constructor,5,20,30,40,0,0,0,0
baseline,optimized,32,cold,large_multiqueue_suffix,prepare_suffix,5,952,1031,1141,18,1,1120,32
baseline,optimized,32,cold,large_multiqueue_suffix,read_suffix,5,220,240,251,0,0,0,0
baseline,optimized,32,cold,large_multiqueue_suffix,reset,5,20,30,30,0,0,0,0
baseline,optimized,32,cold,large_multiqueue_suffix,write_read,5,201,241,2474,1,1,128,64
baseline,optimized,32,cold,large_single_suffix,constructor,5,20,20,341,0,0,0,0
baseline,optimized,32,cold,large_single_suffix,prepare_suffix,5,651,812,1132,8,3,1184,448
baseline,optimized,32,cold,large_single_suffix,read_suffix,5,161,180,341,0,0,0,0
baseline,optimized,32,cold,large_single_suffix,reset,5,20,30,30,0,0,0,0
baseline,optimized,32,cold,large_single_suffix,write_read,5,240,310,391,1,1,128,64
baseline,optimized,32,cold,multiqueue_bulk,constructor,5,20,30,30,0,0,0,0
baseline,optimized,32,cold,multiqueue_bulk,random_read,5,220,291,431,0,0,0,0
baseline,optimized,32,cold,multiqueue_bulk,reset,5,20,30,40,0,0,0,0
baseline,optimized,32,cold,multiqueue_bulk,write,5,832,1091,3305,13,4,1056,256
baseline,optimized,32,cold,multiqueue_last_interleave,constructor,5,20,30,30,0,0,0,0
baseline,optimized,32,cold,multiqueue_last_interleave,reset,5,20,30,30,0,0,0,0
baseline,optimized,32,cold,multiqueue_last_interleave,write_read,5,1382,1623,3145,12,3,1440,448
baseline,optimized,32,cold,multiqueue_nonlast_interleave,constructor,5,20,30,30,0,0,0,0
baseline,optimized,32,cold,multiqueue_nonlast_interleave,reset,5,20,20,30,0,0,0,0
baseline,optimized,32,cold,multiqueue_nonlast_interleave,write_read,5,1162,1212,1552,12,3,1440,448
baseline,optimized,32,cold,random,constructor,5,20,30,30,0,0,0,0
baseline,optimized,32,cold,random,random_read,5,200,220,240,0,0,0,0
baseline,optimized,32,cold,random,reset,5,20,20,30,0,0,0,0
baseline,optimized,32,cold,random,sequential_read,5,201,210,231,0,0,0,0
baseline,optimized,32,cold,random,write,5,791,1072,1302,6,3,1056,448
baseline,optimized,32,cold,reverse,constructor,5,20,30,30,0,0,0,0
baseline,optimized,32,cold,reverse,random_read,5,200,211,231,0,0,0,0
baseline,optimized,32,cold,reverse,reset,5,20,30,30,0,0,0,0
baseline,optimized,32,cold,reverse,sequential_read,5,201,211,220,0,0,0,0
baseline,optimized,32,cold,reverse,write,5,861,1072,2454,6,3,1056,448
baseline,optimized,32,reused,alternating_write_read,reset,5,20,30,40,0,0,0,0
baseline,optimized,32,reused,alternating_write_read,write_read,5,771,902,1022,0,0,0,0
baseline,optimized,32,reused,ascending,random_read,5,210,220,240,0,0,0,0
baseline,optimized,32,reused,ascending,reset,5,20,20,30,0,0,0,0
baseline,optimized,32,reused,ascending,sequential_read,5,210,220,250,0,0,0,0
baseline,optimized,32,reused,ascending,write,5,631,731,1092,0,0,0,0
baseline,optimized,32,reused,distinct_ids,read,5,350,370,431,0,0,0,0
baseline,optimized,32,reused,distinct_ids,reset,5,20,30,30,0,0,0,0
baseline,optimized,32,reused,distinct_ids,write,5,501,631,691,0,0,0,0
baseline,optimized,32,reused,large_multiqueue_suffix,prepare_suffix,5,361,390,511,0,0,0,0
baseline,optimized,32,reused,large_multiqueue_suffix,read_suffix,5,210,220,270,0,0,0,0
baseline,optimized,32,reused,large_multiqueue_suffix,reset,5,20,30,30,0,0,0,0
baseline,optimized,32,reused,large_multiqueue_suffix,write_read,5,150,181,190,0,0,0,0
baseline,optimized,32,reused,large_single_suffix,prepare_suffix,5,411,580,701,0,0,0,0
baseline,optimized,32,reused,large_single_suffix,read_suffix,5,161,180,200,0,0,0,0
baseline,optimized,32,reused,large_single_suffix,reset,5,30,30,30,0,0,0,0
baseline,optimized,32,reused,large_single_suffix,write_read,5,200,210,220,0,0,0,0
baseline,optimized,32,reused,multiqueue_bulk,random_read,5,220,261,290,0,0,0,0
baseline,optimized,32,reused,multiqueue_bulk,reset,5,20,30,30,0,0,0,0
baseline,optimized,32,reused,multiqueue_bulk,write,5,391,581,921,0,0,0,0
baseline,optimized,32,reused,multiqueue_last_interleave,reset,5,20,30,40,0,0,0,0
baseline,optimized,32,reused,multiqueue_last_interleave,write_read,5,892,932,1101,0,0,0,0
baseline,optimized,32,reused,multiqueue_nonlast_interleave,reset,5,20,20,30,0,0,0,0
baseline,optimized,32,reused,multiqueue_nonlast_interleave,write_read,5,751,852,922,0,0,0,0
baseline,optimized,32,reused,random,random_read,5,211,230,251,0,0,0,0
baseline,optimized,32,reused,random,reset,5,20,20,30,0,0,0,0
baseline,optimized,32,reused,random,sequential_read,5,210,220,231,0,0,0,0
baseline,optimized,32,reused,random,write,5,541,590,941,0,0,0,0
baseline,optimized,32,reused,reverse,random_read,5,200,210,250,0,0,0,0
baseline,optimized,32,reused,reverse,reset,5,20,20,30,0,0,0,0
baseline,optimized,32,reused,reverse,sequential_read,5,201,221,251,0,0,0,0
baseline,optimized,32,reused,reverse,write,5,501,520,641,0,0,0,0
baseline,optimized,128,cold,alternating_write_read,constructor,5,20,30,380,0,0,0,0
baseline,optimized,128,cold,alternating_write_read,reset,5,20,20,31,0,0,0,0
baseline,optimized,128,cold,alternating_write_read,write_read,5,5849,5959,7051,8,5,4128,1984
baseline,optimized,128,cold,ascending,constructor,5,20,30,50,0,0,0,0
baseline,optimized,128,cold,ascending,random_read,5,741,752,861,0,0,0,0
baseline,optimized,128,cold,ascending,reset,5,20,30,30,0,0,0,0
baseline,optimized,128,cold,ascending,sequential_read,5,721,771,792,0,0,0,0
baseline,optimized,128,cold,ascending,write,5,6390,7792,8333,8,5,4128,1984
baseline,optimized,128,cold,distinct_ids,constructor,5,20,20,30,0,0,0,0
baseline,optimized,128,cold,distinct_ids,read,5,1472,1532,1552,0,0,0,0
baseline,optimized,128,cold,distinct_ids,reset,5,20,20,30,0,0,0,0
baseline,optimized,128,cold,distinct_ids,write,5,11037,11587,17146,262,5,18400,992
baseline,optimized,128,cold,large_multiqueue_suffix,constructor,5,20,30,30,0,0,0,0
baseline,optimized,128,cold,large_multiqueue_suffix,prepare_suffix,5,2493,3095,3706,32,15,3808,1376
baseline,optimized,128,cold,large_multiqueue_suffix,read_suffix,5,581,601,641,0,0,0,0
baseline,optimized,128,cold,large_multiqueue_suffix,reset,5,20,30,30,0,0,0,0
baseline,optimized,128,cold,large_multiqueue_suffix,write_read,5,941,1031,4748,3,3,896,448
baseline,optimized,128,cold,large_single_suffix,constructor,5,20,30,31,0,0,0,0
baseline,optimized,128,cold,large_single_suffix,prepare_suffix,5,3385,3916,5378,10,5,4256,1984
baseline,optimized,128,cold,large_single_suffix,read_suffix,5,531,551,590,0,0,0,0
baseline,optimized,128,cold,large_single_suffix,reset,5,20,20,30,0,0,0,0
baseline,optimized,128,cold,large_single_suffix,write_read,5,1091,1312,13690,3,3,896,448
baseline,optimized,128,cold,multiqueue_bulk,constructor,5,20,30,30,0,0,0,0
baseline,optimized,128,cold,multiqueue_bulk,random_read,5,811,842,921,0,0,0,0
baseline,optimized,128,cold,multiqueue_bulk,reset,5,20,30,30,0,0,0,0
baseline,optimized,128,cold,multiqueue_bulk,write,5,3085,3736,4717,21,12,4128,1792
baseline,optimized,128,cold,multiqueue_last_interleave,constructor,5,20,20,30,0,0,0,0
baseline,optimized,128,cold,multiqueue_last_interleave,reset,5,20,20,30,0,0,0,0
baseline,optimized,128,cold,multiqueue_last_interleave,write_read,5,6009,6160,7411,14,5,4512,1984
baseline,optimized,128,cold,multiqueue_nonlast_interleave,constructor,5,30,30,491,0,0,0,0
baseline,optimized,128,cold,multiqueue_nonlast_interleave,reset,5,20,30,140,0,0,0,0
baseline,optimized,128,cold,multiqueue_nonlast_interleave,write_read,5,5689,6029,6470,14,5,4512,1984
baseline,optimized,128,cold,random,constructor,5,20,30,30,0,0,0,0
baseline,optimized,128,cold,random,random_read,5,721,741,781,0,0,0,0
baseline,optimized,128,cold,random,reset,5,20,30,30,0,0,0,0
baseline,optimized,128,cold,random,sequential_read,5,741,741,741,0,0,0,0
baseline,optimized,128,cold,random,write,5,4958,5208,5618,8,5,4128,1984
baseline,optimized,128,cold,reverse,constructor,5,20,21,30,0,0,0,0
baseline,optimized,128,cold,reverse,random_read,5,741,761,1021,0,0,0,0
baseline,optimized,128,cold,reverse,reset,5,20,30,30,0,0,0,0
baseline,optimized,128,cold,reverse,sequential_read,5,731,741,1492,0,0,0,0
baseline,optimized,128,cold,reverse,write,5,3666,3756,27852,8,5,4128,1984
baseline,optimized,128,reused,alternating_write_read,reset,5,20,30,40,0,0,0,0
baseline,optimized,128,reused,alternating_write_read,write_read,5,5538,5538,6730,0,0,0,0
baseline,optimized,128,reused,ascending,random_read,5,732,751,802,0,0,0,0
baseline,optimized,128,reused,ascending,reset,5,20,20,30,0,0,0,0
baseline,optimized,128,reused,ascending,sequential_read,5,731,741,811,0,0,0,0
baseline,optimized,128,reused,ascending,write,5,4256,4327,4517,0,0,0,0
baseline,optimized,128,reused,distinct_ids,read,5,1442,1472,1502,0,0,0,0
baseline,optimized,128,reused,distinct_ids,reset,5,20,30,30,0,0,0,0
baseline,optimized,128,reused,distinct_ids,write,5,4157,4196,5779,0,0,0,0
baseline,optimized,128,reused,large_multiqueue_suffix,prepare_suffix,5,1312,1432,1993,0,0,0,0
baseline,optimized,128,reused,large_multiqueue_suffix,read_suffix,5,561,581,611,0,0,0,0
baseline,optimized,128,reused,large_multiqueue_suffix,reset,5,20,20,30,0,0,0,0
baseline,optimized,128,reused,large_multiqueue_suffix,write_read,5,731,771,821,0,0,0,0
baseline,optimized,128,reused,large_single_suffix,prepare_suffix,5,3005,3015,3094,0,0,0,0
baseline,optimized,128,reused,large_single_suffix,read_suffix,5,531,531,991,0,0,0,0
baseline,optimized,128,reused,large_single_suffix,reset,5,20,30,40,0,0,0,0
baseline,optimized,128,reused,large_single_suffix,write_read,5,762,821,921,0,0,0,0
baseline,optimized,128,reused,multiqueue_bulk,random_read,5,752,782,891,0,0,0,0
baseline,optimized,128,reused,multiqueue_bulk,reset,5,20,30,30,0,0,0,0
baseline,optimized,128,reused,multiqueue_bulk,write,5,2233,2533,4868,0,0,0,0
baseline,optimized,128,reused,multiqueue_last_interleave,reset,5,20,30,30,0,0,0,0
baseline,optimized,128,reused,multiqueue_last_interleave,write_read,5,5408,5418,5518,0,0,0,0
baseline,optimized,128,reused,multiqueue_nonlast_interleave,reset,5,30,30,30,0,0,0,0
baseline,optimized,128,reused,multiqueue_nonlast_interleave,write_read,5,5338,5388,5599,0,0,0,0
baseline,optimized,128,reused,random,random_read,5,731,751,771,0,0,0,0
baseline,optimized,128,reused,random,reset,5,20,21,31,0,0,0,0
baseline,optimized,128,reused,random,sequential_read,5,722,731,761,0,0,0,0
baseline,optimized,128,reused,random,write,5,4357,4647,4717,0,0,0,0
baseline,optimized,128,reused,reverse,random_read,5,731,752,781,0,0,0,0
baseline,optimized,128,reused,reverse,reset,5,20,30,30,0,0,0,0
baseline,optimized,128,reused,reverse,sequential_read,5,721,731,742,0,0,0,0
baseline,optimized,128,reused,reverse,write,5,2954,2975,3065,0,0,0,0
baseline,optimized,512,cold,alternating_write_read,constructor,5,20,30,40,0,0,0,0
baseline,optimized,512,cold,alternating_write_read,reset,5,20,30,40,0,0,0,0
baseline,optimized,512,cold,alternating_write_read,write_read,5,50055,50226,50606,10,7,16416,8128
baseline,optimized,512,cold,ascending,constructor,5,20,20,30,0,0,0,0
baseline,optimized,512,cold,ascending,random_read,5,2864,2974,3025,0,0,0,0
baseline,optimized,512,cold,ascending,reset,5,20,30,30,0,0,0,0
baseline,optimized,512,cold,ascending,sequential_read,5,2874,2944,3094,0,0,0,0
baseline,optimized,512,cold,ascending,write,5,55815,56676,84758,10,7,16416,8128
baseline,optimized,512,cold,distinct_ids,constructor,5,20,30,40,0,0,0,0
baseline,optimized,512,cold,distinct_ids,read,5,6139,6249,7682,0,0,0,0
baseline,optimized,512,cold,distinct_ids,reset,5,20,20,30,0,0,0,0
baseline,optimized,512,cold,distinct_ids,write,5,72269,95184,104247,1032,7,73696,4064
baseline,optimized,512,cold,large_multiqueue_suffix,constructor,5,20,30,41,0,0,0,0
baseline,optimized,512,cold,large_multiqueue_suffix,prepare_suffix,5,13731,15233,18508,46,29,14560,6752
baseline,optimized,512,cold,large_multiqueue_suffix,read_suffix,5,2063,2083,2183,0,0,0,0
baseline,optimized,512,cold,large_multiqueue_suffix,reset,5,20,30,30,0,0,0,0
baseline,optimized,512,cold,large_multiqueue_suffix,write_read,5,5889,6069,6110,5,5,3968,1984
baseline,optimized,512,cold,large_single_suffix,constructor,5,20,30,40,0,0,0,0
baseline,optimized,512,cold,large_single_suffix,prepare_suffix,5,28924,37436,75664,12,7,16544,8128
baseline,optimized,512,cold,large_single_suffix,read_suffix,5,2003,2013,2043,0,0,0,0
baseline,optimized,512,cold,large_single_suffix,reset,5,20,30,30,0,0,0,0
baseline,optimized,512,cold,large_single_suffix,write_read,5,5869,5969,6470,5,5,3968,1984
baseline,optimized,512,cold,multiqueue_bulk,constructor,5,30,30,40,0,0,0,0
baseline,optimized,512,cold,multiqueue_bulk,random_read,5,3074,3075,5077,0,0,0,0
baseline,optimized,512,cold,multiqueue_bulk,reset,5,20,20,30,0,0,0,0
baseline,optimized,512,cold,multiqueue_bulk,write,5,21282,22734,47482,29,20,16416,7936
baseline,optimized,512,cold,multiqueue_last_interleave,constructor,5,20,30,31,0,0,0,0
baseline,optimized,512,cold,multiqueue_last_interleave,reset,5,30,30,31,0,0,0,0
baseline,optimized,512,cold,multiqueue_last_interleave,write_read,5,49815,52419,80942,16,7,16800,8128
baseline,optimized,512,cold,multiqueue_nonlast_interleave,constructor,5,20,30,441,0,0,0,0
baseline,optimized,512,cold,multiqueue_nonlast_interleave,reset,5,20,20,30,0,0,0,0
baseline,optimized,512,cold,multiqueue_nonlast_interleave,write_read,5,49504,49705,80341,16,7,16800,8128
baseline,optimized,512,cold,random,constructor,5,20,30,30,0,0,0,0
baseline,optimized,512,cold,random,random_read,5,2934,2945,3005,0,0,0,0
baseline,optimized,512,cold,random,reset,5,20,30,30,0,0,0,0
baseline,optimized,512,cold,random,sequential_read,5,2795,2844,2875,0,0,0,0
baseline,optimized,512,cold,random,write,5,39500,39760,40281,10,7,16416,8128
baseline,optimized,512,cold,reverse,constructor,5,20,30,40,0,0,0,0
baseline,optimized,512,cold,reverse,random_read,5,2874,2944,2995,0,0,0,0
baseline,optimized,512,cold,reverse,reset,5,20,20,30,0,0,0,0
baseline,optimized,512,cold,reverse,sequential_read,5,2804,2885,2895,0,0,0,0
baseline,optimized,512,cold,reverse,write,5,25598,25729,25989,10,7,16416,8128
baseline,optimized,512,reused,alternating_write_read,reset,5,20,30,30,0,0,0,0
baseline,optimized,512,reused,alternating_write_read,write_read,5,49535,49624,49695,0,0,0,0
baseline,optimized,512,reused,ascending,random_read,5,2854,2935,2955,0,0,0,0
baseline,optimized,512,reused,ascending,reset,5,20,20,30,0,0,0,0
baseline,optimized,512,reused,ascending,sequential_read,5,2845,2864,2924,0,0,0,0
baseline,optimized,512,reused,ascending,write,5,44257,44438,77537,0,0,0,0
baseline,optimized,512,reused,distinct_ids,read,5,6129,6149,6169,0,0,0,0
baseline,optimized,512,reused,distinct_ids,reset,5,20,30,30,0,0,0,0
baseline,optimized,512,reused,distinct_ids,write,5,49425,49675,49805,0,0,0,0
baseline,optimized,512,reused,large_multiqueue_suffix,prepare_suffix,5,10045,11066,12409,0,0,0,0
baseline,optimized,512,reused,large_multiqueue_suffix,read_suffix,5,2023,2043,2193,0,0,0,0
baseline,optimized,512,reused,large_multiqueue_suffix,reset,5,20,30,30,0,0,0,0
baseline,optimized,512,reused,large_multiqueue_suffix,write_read,5,5518,5569,99110,0,0,0,0
baseline,optimized,512,reused,large_single_suffix,prepare_suffix,5,27702,27722,27752,0,0,0,0
baseline,optimized,512,reused,large_single_suffix,read_suffix,5,1963,1993,2133,0,0,0,0
baseline,optimized,512,reused,large_single_suffix,reset,5,20,20,30,0,0,0,0
baseline,optimized,512,reused,large_single_suffix,write_read,5,5408,5568,5699,0,0,0,0
baseline,optimized,512,reused,multiqueue_bulk,random_read,5,2914,2935,3295,0,0,0,0
baseline,optimized,512,reused,multiqueue_bulk,reset,5,20,30,30,0,0,0,0
baseline,optimized,512,reused,multiqueue_bulk,write,5,18308,19690,26290,0,0,0,0
baseline,optimized,512,reused,multiqueue_last_interleave,reset,5,20,30,30,0,0,0,0
baseline,optimized,512,reused,multiqueue_last_interleave,write_read,5,48823,48894,80061,0,0,0,0
baseline,optimized,512,reused,multiqueue_nonlast_interleave,reset,5,20,30,30,0,0,0,0
baseline,optimized,512,reused,multiqueue_nonlast_interleave,write_read,5,48873,49044,79590,0,0,0,0
baseline,optimized,512,reused,random,random_read,5,2935,2985,3024,0,0,0,0
baseline,optimized,512,reused,random,reset,5,20,20,31,0,0,0,0
baseline,optimized,512,reused,random,sequential_read,5,2844,2874,3145,0,0,0,0
baseline,optimized,512,reused,random,write,5,38838,39009,39560,0,0,0,0
baseline,optimized,512,reused,reverse,random_read,5,2905,2954,3015,0,0,0,0
baseline,optimized,512,reused,reverse,reset,5,20,20,30,0,0,0,0
baseline,optimized,512,reused,reverse,sequential_read,5,2774,2855,2864,0,0,0,0
baseline,optimized,512,reused,reverse,write,5,24397,24687,25388,0,0,0,0
baseline,optimized,4096,cold,alternating_write_read,constructor,5,20,30,30,0,0,0,0
baseline,optimized,4096,cold,alternating_write_read,reset,5,20,30,30,0,0,0,0
baseline,optimized,4096,cold,alternating_write_read,write_read,5,2445303,2524553,2825647,13,10,131104,65472
baseline,optimized,4096,cold,ascending,constructor,5,50,80,310,0,0,0,0
baseline,optimized,4096,cold,ascending,random_read,5,23065,23195,24297,0,0,0,0
baseline,optimized,4096,cold,ascending,reset,5,20,20,30,0,0,0,0
baseline,optimized,4096,cold,ascending,sequential_read,5,23045,23095,23485,0,0,0,0
baseline,optimized,4096,cold,ascending,write,5,2478073,2663233,2958328,13,10,131104,65472
baseline,optimized,4096,cold,distinct_ids,constructor,5,20,30,40,0,0,0,0
baseline,optimized,4096,cold,distinct_ids,read,5,53140,57797,92640,0,0,0,0
baseline,optimized,4096,cold,distinct_ids,reset,5,20,30,30,0,0,0,0
baseline,optimized,4096,cold,distinct_ids,write,5,5676693,6091710,6236128,8203,10,589792,32736
baseline,optimized,4096,cold,large_multiqueue_suffix,constructor,5,30,50,60,0,0,0,0
baseline,optimized,4096,cold,large_multiqueue_suffix,prepare_suffix,5,267434,280875,303057,67,50,114912,56928
baseline,optimized,4096,cold,large_multiqueue_suffix,read_suffix,5,15814,15874,15894,0,0,0,0
baseline,optimized,4096,cold,large_multiqueue_suffix,reset,5,20,30,30,0,0,0,0
baseline,optimized,4096,cold,large_multiqueue_suffix,write_read,5,170648,170728,172921,8,8,32640,16320
baseline,optimized,4096,cold,large_single_suffix,constructor,5,30,30,40,0,0,0,0
baseline,optimized,4096,cold,large_single_suffix,prepare_suffix,5,1371461,1403760,1470040,15,10,131232,65472
baseline,optimized,4096,cold,large_single_suffix,read_suffix,5,15744,15944,21813,0,0,0,0
baseline,optimized,4096,cold,large_single_suffix,reset,5,20,20,30,0,0,0,0
baseline,optimized,4096,cold,large_single_suffix,write_read,5,171168,171479,187022,8,8,32640,16320
baseline,optimized,4096,cold,multiqueue_bulk,constructor,5,40,70,201,0,0,0,0
baseline,optimized,4096,cold,multiqueue_bulk,random_read,5,23456,23626,23847,0,0,0,0
baseline,optimized,4096,cold,multiqueue_bulk,reset,5,20,30,30,0,0,0,0
baseline,optimized,4096,cold,multiqueue_bulk,write,5,666407,676792,691625,41,32,131104,65280
baseline,optimized,4096,cold,multiqueue_last_interleave,constructor,5,150,241,511,0,0,0,0
baseline,optimized,4096,cold,multiqueue_last_interleave,reset,5,20,30,30,0,0,0,0
baseline,optimized,4096,cold,multiqueue_last_interleave,write_read,5,2474006,2553196,5243259,19,10,131488,65472
baseline,optimized,4096,cold,multiqueue_nonlast_interleave,constructor,5,50,60,310,0,0,0,0
baseline,optimized,4096,cold,multiqueue_nonlast_interleave,reset,5,20,30,40,0,0,0,0
baseline,optimized,4096,cold,multiqueue_nonlast_interleave,write_read,5,2459815,2493336,2544703,19,10,131488,65472
baseline,optimized,4096,cold,random,constructor,5,40,40,50,0,0,0,0
baseline,optimized,4096,cold,random,random_read,5,23185,23395,23495,0,0,0,0
baseline,optimized,4096,cold,random,reset,5,20,30,30,0,0,0,0
baseline,optimized,4096,cold,random,sequential_read,5,22835,22955,26349,0,0,0,0
baseline,optimized,4096,cold,random,write,5,1962133,2063356,2320765,13,10,131104,65472
baseline,optimized,4096,cold,reverse,constructor,5,30,40,41,0,0,0,0
baseline,optimized,4096,cold,reverse,random_read,5,23135,23265,23596,0,0,0,0
baseline,optimized,4096,cold,reverse,reset,5,20,20,19529,0,0,0,0
baseline,optimized,4096,cold,reverse,sequential_read,5,22974,23536,81784,0,0,0,0
baseline,optimized,4096,cold,reverse,write,5,1565374,1676522,3131629,13,10,131104,65472
baseline,optimized,4096,reused,alternating_write_read,reset,5,30,30,30,0,0,0,0
baseline,optimized,4096,reused,alternating_write_read,write_read,5,2443660,2577714,2763614,0,0,0,0
baseline,optimized,4096,reused,ascending,random_read,5,23255,23525,23695,0,0,0,0
baseline,optimized,4096,reused,ascending,reset,5,20,20,30,0,0,0,0
baseline,optimized,4096,reused,ascending,sequential_read,5,22895,23385,25469,0,0,0,0
baseline,optimized,4096,reused,ascending,write,5,2438242,2554478,2805236,0,0,0,0
baseline,optimized,4096,reused,distinct_ids,read,5,51237,51988,54062,0,0,0,0
baseline,optimized,4096,reused,distinct_ids,reset,5,20,30,31,0,0,0,0
baseline,optimized,4096,reused,distinct_ids,write,5,5348187,5433356,5774070,0,0,0,0
baseline,optimized,4096,reused,large_multiqueue_suffix,prepare_suffix,5,259722,260153,275076,0,0,0,0
baseline,optimized,4096,reused,large_multiqueue_suffix,read_suffix,5,15784,15794,15824,0,0,0,0
baseline,optimized,4096,reused,large_multiqueue_suffix,reset,5,20,30,30,0,0,0,0
baseline,optimized,4096,reused,large_multiqueue_suffix,write_read,5,169706,169847,187544,0,0,0,0
baseline,optimized,4096,reused,large_single_suffix,prepare_suffix,5,1368908,1464142,2845708,0,0,0,0
baseline,optimized,4096,reused,large_single_suffix,read_suffix,5,15683,15864,21603,0,0,0,0
baseline,optimized,4096,reused,large_single_suffix,reset,5,21,30,40,0,0,0,0
baseline,optimized,4096,reused,large_single_suffix,write_read,5,169396,170648,182756,0,0,0,0
baseline,optimized,4096,reused,multiqueue_bulk,random_read,5,23475,23556,23756,0,0,0,0
baseline,optimized,4096,reused,multiqueue_bulk,reset,5,20,21,30,0,0,0,0
baseline,optimized,4096,reused,multiqueue_bulk,write,5,658054,672686,2716943,0,0,0,0
baseline,optimized,4096,reused,multiqueue_last_interleave,reset,5,20,30,30,0,0,0,0
baseline,optimized,4096,reused,multiqueue_last_interleave,write_read,5,2527237,2886880,5545204,0,0,0,0
baseline,optimized,4096,reused,multiqueue_nonlast_interleave,reset,5,20,30,31,0,0,0,0
baseline,optimized,4096,reused,multiqueue_nonlast_interleave,write_read,5,2443040,2501588,2589401,0,0,0,0
baseline,optimized,4096,reused,random,random_read,5,22914,23285,31407,0,0,0,0
baseline,optimized,4096,reused,random,reset,5,20,20,20,0,0,0,0
baseline,optimized,4096,reused,random,sequential_read,5,22845,22995,23355,0,0,0,0
baseline,optimized,4096,reused,random,write,5,1993010,2041152,2815222,0,0,0,0
baseline,optimized,4096,reused,reverse,random_read,5,23095,23265,23415,0,0,0,0
baseline,optimized,4096,reused,reverse,reset,5,20,30,30,0,0,0,0
baseline,optimized,4096,reused,reverse,sequential_read,5,22804,23075,23295,0,0,0,0
baseline,optimized,4096,reused,reverse,write,5,1533396,1668920,1765246,0,0,0,0
baseline,optimized,8192,cold,alternating_write_read,constructor,5,50,90,241,0,0,0,0
baseline,optimized,8192,cold,alternating_write_read,reset,5,30,30,40,0,0,0,0
baseline,optimized,8192,cold,alternating_write_read,write_read,5,9604935,10466077,10725017,14,11,262176,131008
baseline,optimized,8192,cold,ascending,constructor,5,30,230,391,0,0,0,0
baseline,optimized,8192,cold,ascending,random_read,5,46971,47201,57757,0,0,0,0
baseline,optimized,8192,cold,ascending,reset,5,20,30,30,0,0,0,0
baseline,optimized,8192,cold,ascending,sequential_read,5,46070,46550,47031,0,0,0,0
baseline,optimized,8192,cold,ascending,write,5,9999282,10114515,10277592,14,11,262176,131008
baseline,optimized,8192,cold,distinct_ids,constructor,5,20,30,40,0,0,0,0
baseline,optimized,8192,cold,distinct_ids,read,5,107012,155364,199822,0,0,0,0
baseline,optimized,8192,cold,distinct_ids,reset,5,20,30,30,0,0,0,0
baseline,optimized,8192,cold,distinct_ids,write,5,22583607,24855809,36603320,16396,11,1179616,65504
baseline,optimized,8192,cold,large_multiqueue_suffix,constructor,5,140,250,331,0,0,0,0
baseline,optimized,8192,cold,large_multiqueue_suffix,prepare_suffix,5,941702,997306,1197499,74,57,229600,114272
baseline,optimized,8192,cold,large_multiqueue_suffix,read_suffix,5,31497,31778,65699,0,0,0,0
baseline,optimized,8192,cold,large_multiqueue_suffix,reset,5,20,30,30,0,0,0,0
baseline,optimized,8192,cold,large_multiqueue_suffix,write_read,5,636872,704644,859408,9,9,65408,32704
baseline,optimized,8192,cold,large_single_suffix,constructor,5,50,60,331,0,0,0,0
baseline,optimized,8192,cold,large_single_suffix,prepare_suffix,5,5569872,5803695,6288768,16,11,262304,131008
baseline,optimized,8192,cold,large_single_suffix,read_suffix,5,31417,31547,32910,0,0,0,0
baseline,optimized,8192,cold,large_single_suffix,reset,5,30,40,40,0,0,0,0
baseline,optimized,8192,cold,large_single_suffix,write_read,5,639747,651995,1729502,9,9,65408,32704
baseline,optimized,8192,cold,multiqueue_bulk,constructor,5,160,231,321,0,0,0,0
baseline,optimized,8192,cold,multiqueue_bulk,random_read,5,46621,46971,47431,0,0,0,0
baseline,optimized,8192,cold,multiqueue_bulk,reset,5,20,30,30,0,0,0,0
baseline,optimized,8192,cold,multiqueue_bulk,write,5,2547878,2620958,2875333,45,36,262176,130816
baseline,optimized,8192,cold,multiqueue_last_interleave,constructor,5,531,601,651,0,0,0,0
baseline,optimized,8192,cold,multiqueue_last_interleave,reset,5,30,30,61,0,0,0,0
baseline,optimized,8192,cold,multiqueue_last_interleave,write_read,5,9986001,10061776,10287126,20,11,262560,131008
baseline,optimized,8192,cold,multiqueue_nonlast_interleave,constructor,5,201,330,470,0,0,0,0
baseline,optimized,8192,cold,multiqueue_nonlast_interleave,reset,5,20,30,40,0,0,0,0
baseline,optimized,8192,cold,multiqueue_nonlast_interleave,write_read,5,9774061,9919791,10139884,20,11,262560,131008
baseline,optimized,8192,cold,random,constructor,5,30,40,50,0,0,0,0
baseline,optimized,8192,cold,random,random_read,5,46700,47111,61352,0,0,0,0
baseline,optimized,8192,cold,random,reset,5,20,30,31,0,0,0,0
baseline,optimized,8192,cold,random,sequential_read,5,45819,45999,46290,0,0,0,0
baseline,optimized,8192,cold,random,write,5,8006863,8104940,8381969,14,11,262176,131008
baseline,optimized,8192,cold,reverse,constructor,5,20,41,140,0,0,0,0
baseline,optimized,8192,cold,reverse,random_read,5,46690,47011,136106,0,0,0,0
baseline,optimized,8192,cold,reverse,reset,5,30,30,40,0,0,0,0
baseline,optimized,8192,cold,reverse,sequential_read,5,46020,46170,57778,0,0,0,0
baseline,optimized,8192,cold,reverse,write,5,6292723,6461529,6614530,14,11,262176,131008
baseline,optimized,8192,reused,alternating_write_read,reset,5,30,30,50,0,0,0,0
baseline,optimized,8192,reused,alternating_write_read,write_read,5,9824317,10060885,10345224,0,0,0,0
baseline,optimized,8192,reused,ascending,random_read,5,47171,47271,96546,0,0,0,0
baseline,optimized,8192,reused,ascending,reset,5,20,30,30,0,0,0,0
baseline,optimized,8192,reused,ascending,sequential_read,5,45709,46030,46400,0,0,0,0
baseline,optimized,8192,reused,ascending,write,5,9503953,9699229,9986573,0,0,0,0
baseline,optimized,8192,reused,distinct_ids,read,5,102715,106852,108774,0,0,0,0
baseline,optimized,8192,reused,distinct_ids,reset,5,20,30,30,0,0,0,0
baseline,optimized,8192,reused,distinct_ids,write,5,23443646,24543127,28407202,0,0,0,0
baseline,optimized,8192,reused,large_multiqueue_suffix,prepare_suffix,5,901302,969485,1356469,0,0,0,0
baseline,optimized,8192,reused,large_multiqueue_suffix,read_suffix,5,31578,31668,55814,0,0,0,0
baseline,optimized,8192,reused,large_multiqueue_suffix,reset,5,20,30,40,0,0,0,0
baseline,optimized,8192,reused,large_multiqueue_suffix,write_read,5,650974,743633,865137,0,0,0,0
baseline,optimized,8192,reused,large_single_suffix,prepare_suffix,5,5481268,5765117,6054074,0,0,0,0
baseline,optimized,8192,reused,large_single_suffix,read_suffix,5,31367,31388,80201,0,0,0,0
baseline,optimized,8192,reused,large_single_suffix,reset,5,20,30,150,0,0,0,0
baseline,optimized,8192,reused,large_single_suffix,write_read,5,621959,657043,892518,0,0,0,0
baseline,optimized,8192,reused,multiqueue_bulk,random_read,5,46450,46660,48333,0,0,0,0
baseline,optimized,8192,reused,multiqueue_bulk,reset,5,20,30,30,0,0,0,0
baseline,optimized,8192,reused,multiqueue_bulk,write,5,2497132,2621078,2824025,0,0,0,0
baseline,optimized,8192,reused,multiqueue_last_interleave,reset,5,20,30,40,0,0,0,0
baseline,optimized,8192,reused,multiqueue_last_interleave,write_read,5,9577725,10030129,10335459,0,0,0,0
baseline,optimized,8192,reused,multiqueue_nonlast_interleave,reset,5,20,30,30,0,0,0,0
baseline,optimized,8192,reused,multiqueue_nonlast_interleave,write_read,5,9687882,9747031,9906442,0,0,0,0
baseline,optimized,8192,reused,random,random_read,5,46761,46880,47522,0,0,0,0
baseline,optimized,8192,reused,random,reset,5,20,30,30,0,0,0,0
baseline,optimized,8192,reused,random,sequential_read,5,45839,46280,46410,0,0,0,0
baseline,optimized,8192,reused,random,write,5,7813070,8192433,9108887,0,0,0,0
baseline,optimized,8192,reused,reverse,random_read,5,46600,46790,47132,0,0,0,0
baseline,optimized,8192,reused,reverse,reset,5,20,30,31,0,0,0,0
baseline,optimized,8192,reused,reverse,sequential_read,5,45899,46060,69445,0,0,0,0
baseline,optimized,8192,reused,reverse,write,5,6194275,6527188,7143058,0,0,0,0
cursor,debug,32,cold,alternating_write_read,constructor,5,3425,3466,3996,36,0,3920,0
cursor,debug,32,cold,alternating_write_read,reset,5,160,180,281,0,0,0,0
cursor,debug,32,cold,alternating_write_read,write_read,5,7421,7491,9064,0,0,0,0
cursor,debug,32,cold,ascending,constructor,5,4106,4437,65318,36,0,3920,0
cursor,debug,32,cold,ascending,random_read,5,3185,3235,3755,0,0,0,0
cursor,debug,32,cold,ascending,reset,5,180,230,671,0,0,0,0
cursor,debug,32,cold,ascending,sequential_read,5,2273,2313,16234,0,0,0,0
cursor,debug,32,cold,ascending,write,5,2734,2785,22995,0,0,0,0
cursor,debug,32,cold,distinct_ids,constructor,5,3615,3676,3785,36,0,3920,0
cursor,debug,32,cold,distinct_ids,read,5,5959,6149,8182,0,0,0,0
cursor,debug,32,cold,distinct_ids,reset,5,181,190,210,0,0,0,0
cursor,debug,32,cold,distinct_ids,write,5,3996,4297,4577,0,0,0,0
cursor,debug,32,cold,large_multiqueue_suffix,constructor,5,3425,3525,3856,36,0,3920,0
cursor,debug,32,cold,large_multiqueue_suffix,prepare_suffix,5,2404,2553,2624,0,0,0,0
cursor,debug,32,cold,large_multiqueue_suffix,read_suffix,5,2624,2644,2764,0,0,0,0
cursor,debug,32,cold,large_multiqueue_suffix,reset,5,170,190,210,0,0,0,0
cursor,debug,32,cold,large_multiqueue_suffix,write_read,5,1823,1862,1943,0,0,0,0
cursor,debug,32,cold,large_single_suffix,constructor,5,3605,3746,5749,36,0,3920,0
cursor,debug,32,cold,large_single_suffix,prepare_suffix,5,2214,2314,2594,0,0,0,0
cursor,debug,32,cold,large_single_suffix,read_suffix,5,1702,1822,4076,0,0,0,0
cursor,debug,32,cold,large_single_suffix,reset,5,160,190,211,0,0,0,0
cursor,debug,32,cold,large_single_suffix,write_read,5,1883,1953,2704,0,0,0,0
cursor,debug,32,cold,multiqueue_bulk,constructor,5,3646,3696,3836,36,0,3920,0
cursor,debug,32,cold,multiqueue_bulk,random_read,5,2754,2784,4126,0,0,0,0
cursor,debug,32,cold,multiqueue_bulk,reset,5,160,231,881,0,0,0,0
cursor,debug,32,cold,multiqueue_bulk,write,5,2744,2824,3386,0,0,0,0
cursor,debug,32,cold,multiqueue_last_interleave,constructor,5,3595,4056,5238,36,0,3920,0
cursor,debug,32,cold,multiqueue_last_interleave,reset,5,160,190,280,0,0,0,0
cursor,debug,32,cold,multiqueue_last_interleave,write_read,5,6891,6961,17096,0,0,0,0
cursor,debug,32,cold,multiqueue_nonlast_interleave,constructor,5,3646,3705,3785,36,0,3920,0
cursor,debug,32,cold,multiqueue_nonlast_interleave,reset,5,161,170,220,0,0,0,0
cursor,debug,32,cold,multiqueue_nonlast_interleave,write_read,5,6490,6750,7141,0,0,0,0
cursor,debug,32,cold,random,constructor,5,3495,3666,3806,36,0,3920,0
cursor,debug,32,cold,random,random_read,5,3065,3135,3215,0,0,0,0
cursor,debug,32,cold,random,reset,5,170,230,251,0,0,0,0
cursor,debug,32,cold,random,sequential_read,5,2163,2243,2324,0,0,0,0
cursor,debug,32,cold,random,write,5,3436,3746,4006,0,0,0,0
cursor,debug,32,cold,reverse,constructor,5,3666,3726,3806,36,0,3920,0
cursor,debug,32,cold,reverse,random_read,5,2974,3085,3165,0,0,0,0
cursor,debug,32,cold,reverse,reset,5,190,250,300,0,0,0,0
cursor,debug,32,cold,reverse,sequential_read,5,2233,2263,2314,0,0,0,0
cursor,debug,32,cold,reverse,write,5,2684,2814,2874,0,0,0,0
cursor,debug,32,reused,alternating_write_read,reset,5,150,170,200,0,0,0,0
cursor,debug,32,reused,alternating_write_read,write_read,5,7301,7371,7421,0,0,0,0
cursor,debug,32,reused,ascending,random_read,5,3115,3144,3305,0,0,0,0
cursor,debug,32,reused,ascending,reset,5,171,180,201,0,0,0,0
cursor,debug,32,reused,ascending,sequential_read,5,2173,2203,2344,0,0,0,0
cursor,debug,32,reused,ascending,write,5,2523,2664,2694,0,0,0,0
cursor,debug,32,reused,distinct_ids,read,5,5789,5838,5869,0,0,0,0
cursor,debug,32,reused,distinct_ids,reset,5,160,180,201,0,0,0,0
cursor,debug,32,reused,distinct_ids,write,5,3756,4086,4216,0,0,0,0
cursor,debug,32,reused,large_multiqueue_suffix,prepare_suffix,5,2234,2364,2494,0,0,0,0
cursor,debug,32,reused,large_multiqueue_suffix,read_suffix,5,2564,2604,2695,0,0,0,0
cursor,debug,32,reused,large_multiqueue_suffix,reset,5,151,180,210,0,0,0,0
cursor,debug,32,reused,large_multiqueue_suffix,write_read,5,1793,1813,1843,0,0,0,0
cursor,debug,32,reused,large_single_suffix,prepare_suffix,5,2104,2164,2253,0,0,0,0
cursor,debug,32,reused,large_single_suffix,read_suffix,5,1632,1753,1813,0,0,0,0
cursor,debug,32,reused,large_single_suffix,reset,5,160,190,191,0,0,0,0
cursor,debug,32,reused,large_single_suffix,write_read,5,1713,1833,1983,0,0,0,0
cursor,debug,32,reused,multiqueue_bulk,random_read,5,2534,2624,2775,0,0,0,0
cursor,debug,32,reused,multiqueue_bulk,reset,5,150,200,211,0,0,0,0
cursor,debug,32,reused,multiqueue_bulk,write,5,2564,2674,2784,0,0,0,0
cursor,debug,32,reused,multiqueue_last_interleave,reset,5,150,201,240,0,0,0,0
cursor,debug,32,reused,multiqueue_last_interleave,write_read,5,6720,6830,6981,0,0,0,0
cursor,debug,32,reused,multiqueue_nonlast_interleave,reset,5,150,170,260,0,0,0,0
cursor,debug,32,reused,multiqueue_nonlast_interleave,write_read,5,6510,6560,6630,0,0,0,0
cursor,debug,32,reused,random,random_read,5,2995,3145,3275,0,0,0,0
cursor,debug,32,reused,random,reset,5,160,190,260,0,0,0,0
cursor,debug,32,reused,random,sequential_read,5,2093,2203,2363,0,0,0,0
cursor,debug,32,reused,random,write,5,3536,3705,14001,0,0,0,0
cursor,debug,32,reused,reverse,random_read,5,2995,3115,3435,0,0,0,0
cursor,debug,32,reused,reverse,reset,5,170,240,9765,0,0,0,0
cursor,debug,32,reused,reverse,sequential_read,5,2064,2184,2194,0,0,0,0
cursor,debug,32,reused,reverse,write,5,2654,2755,2925,0,0,0,0
cursor,debug,128,cold,alternating_write_read,constructor,5,11928,12088,15243,132,0,15440,0
cursor,debug,128,cold,alternating_write_read,reset,5,171,270,591,0,0,0,0
cursor,debug,128,cold,alternating_write_read,write_read,5,36595,48794,93081,0,0,0,0
cursor,debug,128,cold,ascending,constructor,5,14452,15113,17557,132,0,15440,0
cursor,debug,128,cold,ascending,random_read,5,25458,25729,26059,0,0,0,0
cursor,debug,128,cold,ascending,reset,5,291,301,341,0,0,0,0
cursor,debug,128,cold,ascending,sequential_read,5,8042,8132,8643,0,0,0,0
cursor,debug,128,cold,ascending,write,5,9664,9905,10285,0,0,0,0
cursor,debug,128,cold,distinct_ids,constructor,5,12579,12879,16605,132,0,15440,0
cursor,debug,128,cold,distinct_ids,read,5,22283,22664,52360,0,0,0,0
cursor,debug,128,cold,distinct_ids,reset,5,180,241,291,0,0,0,0
cursor,debug,128,cold,distinct_ids,write,5,29515,29625,30085,0,0,0,0
cursor,debug,128,cold,large_multiqueue_suffix,constructor,5,11898,12148,12479,132,0,15440,0
cursor,debug,128,cold,large_multiqueue_suffix,prepare_suffix,5,8032,8283,8563,0,0,0,0
cursor,debug,128,cold,large_multiqueue_suffix,read_suffix,5,6460,6620,6730,0,0,0,0
cursor,debug,128,cold,large_multiqueue_suffix,reset,5,210,251,340,0,0,0,0
cursor,debug,128,cold,large_multiqueue_suffix,write_read,5,7141,7341,7431,0,0,0,0
cursor,debug,128,cold,large_single_suffix,constructor,5,12038,12138,19249,132,0,15440,0
cursor,debug,128,cold,large_single_suffix,prepare_suffix,5,7352,7812,10526,0,0,0,0
cursor,debug,128,cold,large_single_suffix,read_suffix,5,5709,6550,6640,0,0,0,0
cursor,debug,128,cold,large_single_suffix,reset,5,190,220,261,0,0,0,0
cursor,debug,128,cold,large_single_suffix,write_read,5,7261,7892,8202,0,0,0,0
cursor,debug,128,cold,multiqueue_bulk,constructor,5,12028,12719,12739,132,0,15440,0
cursor,debug,128,cold,multiqueue_bulk,random_read,5,12138,12459,12980,0,0,0,0
cursor,debug,128,cold,multiqueue_bulk,reset,5,160,190,290,0,0,0,0
cursor,debug,128,cold,multiqueue_bulk,write,5,9845,9945,10166,0,0,0,0
cursor,debug,128,cold,multiqueue_last_interleave,constructor,5,11938,12229,17466,132,0,15440,0
cursor,debug,128,cold,multiqueue_last_interleave,reset,5,260,270,320,0,0,0,0
cursor,debug,128,cold,multiqueue_last_interleave,write_read,5,34462,34502,107572,0,0,0,0
cursor,debug,128,cold,multiqueue_nonlast_interleave,constructor,5,12059,12789,13671,132,0,15440,0
cursor,debug,128,cold,multiqueue_nonlast_interleave,reset,5,230,240,261,0,0,0,0
cursor,debug,128,cold,multiqueue_nonlast_interleave,write_read,5,32669,33110,33922,0,0,0,0
cursor,debug,128,cold,random,constructor,5,12760,12980,20250,132,0,15440,0
cursor,debug,128,cold,random,random_read,5,25478,25529,55504,0,0,0,0
cursor,debug,128,cold,random,reset,5,201,301,410,0,0,0,0
cursor,debug,128,cold,random,sequential_read,5,7983,8022,13010,0,0,0,0
cursor,debug,128,cold,random,write,5,24127,24357,24958,0,0,0,0
cursor,debug,128,cold,reverse,constructor,5,12770,12959,13089,132,0,15440,0
cursor,debug,128,cold,reverse,random_read,5,25338,25479,25508,0,0,0,0
cursor,debug,128,cold,reverse,reset,5,260,280,320,0,0,0,0
cursor,debug,128,cold,reverse,sequential_read,5,7732,7832,7852,0,0,0,0
cursor,debug,128,cold,reverse,write,5,9805,9855,10016,0,0,0,0
cursor,debug,128,reused,alternating_write_read,reset,5,200,211,511,0,0,0,0
cursor,debug,128,reused,alternating_write_read,write_read,5,35334,36215,228405,0,0,0,0
cursor,debug,128,reused,ascending,random_read,5,25418,25459,25639,0,0,0,0
cursor,debug,128,reused,ascending,reset,5,230,260,310,0,0,0,0
cursor,debug,128,reused,ascending,sequential_read,5,7682,7722,7862,0,0,0,0
cursor,debug,128,reused,ascending,write,5,9494,9575,9585,0,0,0,0
cursor,debug,128,reused,distinct_ids,read,5,21843,21974,22945,0,0,0,0
cursor,debug,128,reused,distinct_ids,reset,5,150,171,250,0,0,0,0
cursor,debug,128,reused,distinct_ids,write,5,28744,29335,29524,0,0,0,0
cursor,debug,128,reused,large_multiqueue_suffix,prepare_suffix,5,7952,8082,8814,0,0,0,0
cursor,debug,128,reused,large_multiqueue_suffix,read_suffix,5,6369,6680,18508,0,0,0,0
cursor,debug,128,reused,large_multiqueue_suffix,reset,5,170,190,701,0,0,0,0
cursor,debug,128,reused,large_multiqueue_suffix,write_read,5,7091,7140,7441,0,0,0,0
cursor,debug,128,reused,large_single_suffix,prepare_suffix,5,7221,7451,7492,0,0,0,0
cursor,debug,128,reused,large_single_suffix,read_suffix,5,5558,5649,5709,0,0,0,0
cursor,debug,128,reused,large_single_suffix,reset,5,190,230,311,0,0,0,0
cursor,debug,128,reused,large_single_suffix,write_read,5,6930,7331,7351,0,0,0,0
cursor,debug,128,reused,multiqueue_bulk,random_read,5,11637,11738,27401,0,0,0,0
cursor,debug,128,reused,multiqueue_bulk,reset,5,190,220,781,0,0,0,0
cursor,debug,128,reused,multiqueue_bulk,write,5,9605,9724,16184,0,0,0,0
cursor,debug,128,reused,multiqueue_last_interleave,reset,5,200,230,250,0,0,0,0
cursor,debug,128,reused,multiqueue_last_interleave,write_read,5,33781,33841,33951,0,0,0,0
cursor,debug,128,reused,multiqueue_nonlast_interleave,reset,5,200,230,280,0,0,0,0
cursor,debug,128,reused,multiqueue_nonlast_interleave,write_read,5,33040,33360,33520,0,0,0,0
cursor,debug,128,reused,random,random_read,5,24938,25408,27641,0,0,0,0
cursor,debug,128,reused,random,reset,5,200,261,491,0,0,0,0
cursor,debug,128,reused,random,sequential_read,5,7922,7982,11578,0,0,0,0
cursor,debug,128,reused,random,write,5,24146,24256,24347,0,0,0,0
cursor,debug,128,reused,reverse,random_read,5,24968,25278,25529,0,0,0,0
cursor,debug,128,reused,reverse,reset,5,180,250,270,0,0,0,0
cursor,debug,128,reused,reverse,sequential_read,5,7711,7752,7802,0,0,0,0
cursor,debug,128,reused,reverse,write,5,9785,9835,9945,0,0,0,0
cursor,debug,512,cold,alternating_write_read,constructor,5,45569,59960,114893,516,0,61520,0
cursor,debug,512,cold,alternating_write_read,reset,5,200,390,461,0,0,0,0
cursor,debug,512,cold,alternating_write_read,write_read,5,262907,313644,455237,0,0,0,0
cursor,debug,512,cold,ascending,constructor,5,55454,56595,57978,516,0,61520,0
cursor,debug,512,cold,ascending,random_read,5,344991,364992,518313,0,0,0,0
cursor,debug,512,cold,ascending,reset,5,201,361,761,0,0,0,0
cursor,debug,512,cold,ascending,sequential_read,5,30036,30306,59520,0,0,0,0
cursor,debug,512,cold,ascending,write,5,36876,37537,62815,0,0,0,0
cursor,debug,512,cold,distinct_ids,constructor,5,49595,51999,170097,516,0,61520,0
cursor,debug,512,cold,distinct_ids,read,5,87512,90116,137888,0,0,0,0
cursor,debug,512,cold,distinct_ids,reset,5,310,370,521,0,0,0,0
cursor,debug,512,cold,distinct_ids,write,5,347946,403119,672866,0,0,0,0
cursor,debug,512,cold,large_multiqueue_suffix,constructor,5,45529,45969,47111,516,0,61520,0
cursor,debug,512,cold,large_multiqueue_suffix,prepare_suffix,5,30456,30866,31217,0,0,0,0
cursor,debug,512,cold,large_multiqueue_suffix,read_suffix,5,21953,22204,22404,0,0,0,0
cursor,debug,512,cold,large_multiqueue_suffix,reset,5,250,331,421,0,0,0,0
cursor,debug,512,cold,large_multiqueue_suffix,write_read,5,34943,35433,36255,0,0,0,0
cursor,debug,512,cold,large_single_suffix,constructor,5,45168,45889,78949,516,0,61520,0
cursor,debug,512,cold,large_single_suffix,prepare_suffix,5,27792,28113,28533,0,0,0,0
cursor,debug,512,cold,large_single_suffix,read_suffix,5,21803,22004,48884,0,0,0,0
cursor,debug,512,cold,large_single_suffix,reset,5,271,321,420,0,0,0,0
cursor,debug,512,cold,large_single_suffix,write_read,5,35243,35834,36024,0,0,0,0
cursor,debug,512,cold,multiqueue_bulk,constructor,5,47482,48514,52068,516,0,61520,0
cursor,debug,512,cold,multiqueue_bulk,random_read,5,101383,102375,143748,0,0,0,0
cursor,debug,512,cold,multiqueue_bulk,reset,5,200,291,571,0,0,0,0
cursor,debug,512,cold,multiqueue_bulk,write,5,36966,37777,59050,0,0,0,0
cursor,debug,512,cold,multiqueue_last_interleave,constructor,5,46030,48073,77838,516,0,61520,0
cursor,debug,512,cold,multiqueue_last_interleave,reset,5,211,311,451,0,0,0,0
cursor,debug,512,cold,multiqueue_last_interleave,write_read,5,254624,310138,430370,0,0,0,0
cursor,debug,512,cold,multiqueue_nonlast_interleave,constructor,5,49054,51397,162947,516,0,61520,0
cursor,debug,512,cold,multiqueue_nonlast_interleave,reset,5,180,270,451,0,0,0,0
cursor,debug,512,cold,multiqueue_nonlast_interleave,write_read,5,251109,275536,290799,0,0,0,0
cursor,debug,512,cold,random,constructor,5,49425,50917,51799,516,0,61520,0
cursor,debug,512,cold,random,random_read,5,344610,366894,479704,0,0,0,0
cursor,debug,512,cold,random,reset,5,181,361,581,0,0,0,0
cursor,debug,512,cold,random,sequential_read,5,29885,30185,30927,0,0,0,0
cursor,debug,512,cold,random,write,5,250288,251239,400465,0,0,0,0
cursor,debug,512,cold,reverse,constructor,5,49485,49915,51458,516,0,61520,0
cursor,debug,512,cold,reverse,random_read,5,344951,357640,583231,0,0,0,0
cursor,debug,512,cold,reverse,reset,5,160,310,561,0,0,0,0
cursor,debug,512,cold,reverse,sequential_read,5,29685,29955,30887,0,0,0,0
cursor,debug,512,cold,reverse,write,5,38087,38348,55294,0,0,0,0
cursor,debug,512,reused,alternating_write_read,reset,5,200,220,421,0,0,0,0
cursor,debug,512,reused,alternating_write_read,write_read,5,263719,288976,484662,0,0,0,0
cursor,debug,512,reused,ascending,random_read,5,344810,357219,460536,0,0,0,0
cursor,debug,512,reused,ascending,reset,5,190,231,380,0,0,0,0
cursor,debug,512,reused,ascending,sequential_read,5,29715,30045,30546,0,0,0,0
cursor,debug,512,reused,ascending,write,5,36625,36716,37186,0,0,0,0
cursor,debug,512,reused,distinct_ids,read,5,86301,88354,117748,0,0,0,0
cursor,debug,512,reused,distinct_ids,reset,5,200,311,401,0,0,0,0
cursor,debug,512,reused,distinct_ids,write,5,337109,362548,450721,0,0,0,0
cursor,debug,512,reused,large_multiqueue_suffix,prepare_suffix,5,30136,30797,30916,0,0,0,0
cursor,debug,512,reused,large_multiqueue_suffix,read_suffix,5,21974,22094,22684,0,0,0,0
cursor,debug,512,reused,large_multiqueue_suffix,reset,5,200,260,401,0,0,0,0
cursor,debug,512,reused,large_multiqueue_suffix,write_read,5,35083,35664,36295,0,0,0,0
cursor,debug,512,reused,large_single_suffix,prepare_suffix,5,27642,27913,27972,0,0,0,0
cursor,debug,512,reused,large_single_suffix,read_suffix,5,20992,21082,21192,0,0,0,0
cursor,debug,512,reused,large_single_suffix,reset,5,240,270,330,0,0,0,0
cursor,debug,512,reused,large_single_suffix,write_read,5,35534,35794,47161,0,0,0,0
cursor,debug,512,reused,multiqueue_bulk,random_read,5,100131,100472,100812,0,0,0,0
cursor,debug,512,reused,multiqueue_bulk,reset,5,200,221,251,0,0,0,0
cursor,debug,512,reused,multiqueue_bulk,write,5,36676,37045,37546,0,0,0,0
cursor,debug,512,reused,multiqueue_last_interleave,reset,5,160,211,431,0,0,0,0
cursor,debug,512,reused,multiqueue_last_interleave,write_read,5,253022,278301,413584,0,0,0,0
cursor,debug,512,reused,multiqueue_nonlast_interleave,reset,5,171,211,862,0,0,0,0
cursor,debug,512,reused,multiqueue_nonlast_interleave,write_read,5,250569,278751,487386,0,0,0,0
cursor,debug,512,reused,random,random_read,5,344741,357921,545324,0,0,0,0
cursor,debug,512,reused,random,reset,5,191,260,621,0,0,0,0
cursor,debug,512,reused,random,sequential_read,5,29695,30165,30886,0,0,0,0
cursor,debug,512,reused,random,write,5,250328,250418,308717,0,0,0,0
cursor,debug,512,reused,reverse,random_read,5,345772,376639,458543,0,0,0,0
cursor,debug,512,reused,reverse,reset,5,171,331,441,0,0,0,0
cursor,debug,512,reused,reverse,sequential_read,5,30005,30316,86210,0,0,0,0
cursor,debug,512,reused,reverse,write,5,37968,38498,167443,0,0,0,0
cursor,debug,4096,cold,alternating_write_read,constructor,5,352553,356508,467005,4100,0,491600,0
cursor,debug,4096,cold,alternating_write_read,reset,5,942,2434,2874,0,0,0,0
cursor,debug,4096,cold,alternating_write_read,write_read,5,14404414,15549192,17363663,0,0,0,0
cursor,debug,4096,cold,ascending,constructor,5,364391,382067,432043,4100,0,491600,0
cursor,debug,4096,cold,ascending,random_read,5,21139515,22246357,24458398,0,0,0,0
cursor,debug,4096,cold,ascending,reset,5,1072,2564,3245,0,0,0,0
cursor,debug,4096,cold,ascending,sequential_read,5,228705,235636,475488,0,0,0,0
cursor,debug,4096,cold,ascending,write,5,290439,294535,336919,0,0,0,0
cursor,debug,4096,cold,distinct_ids,constructor,5,383198,404240,931567,4100,0,491600,0
cursor,debug,4096,cold,distinct_ids,read,5,674458,712806,1135745,0,0,0,0
cursor,debug,4096,cold,distinct_ids,reset,5,961,1232,2333,0,0,0,0
cursor,debug,4096,cold,distinct_ids,write,5,20092685,20755325,22993755,0,0,0,0
cursor,debug,4096,cold,large_multiqueue_suffix,constructor,5,350990,364711,418372,4100,0,491600,0
cursor,debug,4096,cold,large_multiqueue_suffix,prepare_suffix,5,239982,240684,271490,0,0,0,0
cursor,debug,4096,cold,large_multiqueue_suffix,read_suffix,5,164108,191068,271910,0,0,0,0
cursor,debug,4096,cold,large_multiqueue_suffix,reset,5,430,571,701,0,0,0,0
cursor,debug,4096,cold,large_multiqueue_suffix,write_read,5,892377,962113,1049164,0,0,0,0
cursor,debug,4096,cold,large_single_suffix,constructor,5,368447,385863,1143257,4100,0,491600,0
cursor,debug,4096,cold,large_single_suffix,prepare_suffix,5,218370,219571,402377,0,0,0,0
cursor,debug,4096,cold,large_single_suffix,read_suffix,5,164288,167052,229166,0,0,0,0
cursor,debug,4096,cold,large_single_suffix,reset,5,221,641,881,0,0,0,0
cursor,debug,4096,cold,large_single_suffix,write_read,5,886539,922613,1271189,0,0,0,0
cursor,debug,4096,cold,multiqueue_bulk,constructor,5,366002,375287,488397,4100,0,491600,0
cursor,debug,4096,cold,multiqueue_bulk,random_read,5,5676392,6624885,9844017,0,0,0,0
cursor,debug,4096,cold,multiqueue_bulk,reset,5,1322,1812,2664,0,0,0,0
cursor,debug,4096,cold,multiqueue_bulk,write,5,293944,308346,389057,0,0,0,0
cursor,debug,4096,cold,multiqueue_last_interleave,constructor,5,372683,416018,591733,4100,0,491600,0
cursor,debug,4096,cold,multiqueue_last_interleave,reset,5,1252,1503,2634,0,0,0,0
cursor,debug,4096,cold,multiqueue_last_interleave,write_read,5,9991019,11271432,13564421,0,0,0,0
cursor,debug,4096,cold,multiqueue_nonlast_interleave,constructor,5,361186,377069,469268,4100,0,491600,0
cursor,debug,4096,cold,multiqueue_nonlast_interleave,reset,5,971,1192,2163,0,0,0,0
cursor,debug,4096,cold,multiqueue_nonlast_interleave,write_read,5,10133964,10702754,14137330,0,0,0,0
cursor,debug,4096,cold,random,constructor,5,367885,409458,676401,4100,0,491600,0
cursor,debug,4096,cold,random,random_read,5,23157482,24023971,24637489,0,0,0,0
cursor,debug,4096,cold,random,reset,5,1663,2424,2684,0,0,0,0
cursor,debug,4096,cold,random,sequential_read,5,241235,296738,389248,0,0,0,0
cursor,debug,4096,cold,random,write,5,14717366,15120284,15675113,0,0,0,0
cursor,debug,4096,cold,reverse,constructor,5,366063,401106,628539,4100,0,491600,0
cursor,debug,4096,cold,reverse,random_read,5,21497286,22319907,22834655,0,0,0,0
cursor,debug,4096,cold,reverse,reset,5,2183,2784,3075,0,0,0,0
cursor,debug,4096,cold,reverse,sequential_read,5,235295,238430,286442,0,0,0,0
cursor,debug,4096,cold,reverse,write,5,302957,385853,575459,0,0,0,0
cursor,debug,4096,reused,alternating_write_read,reset,5,1051,1492,2614,0,0,0,0
cursor,debug,4096,reused,alternating_write_read,write_read,5,14304844,15208028,15779140,0,0,0,0
cursor,debug,4096,reused,ascending,random_read,5,21065514,21661113,24146641,0,0,0,0
cursor,debug,4096,reused,ascending,reset,5,1292,2233,3335,0,0,0,0
cursor,debug,4096,reused,ascending,sequential_read,5,236427,250118,333473,0,0,0,0
cursor,debug,4096,reused,ascending,write,5,295166,296408,338401,0,0,0,0
cursor,debug,4096,reused,distinct_ids,read,5,691204,794990,919299,0,0,0,0
cursor,debug,4096,reused,distinct_ids,reset,5,881,1302,1562,0,0,0,0
cursor,debug,4096,reused,distinct_ids,write,5,20304244,23300038,24611549,0,0,0,0
cursor,debug,4096,reused,large_multiqueue_suffix,prepare_suffix,5,238911,253362,500015,0,0,0,0
cursor,debug,4096,reused,large_multiqueue_suffix,read_suffix,5,163908,165380,221224,0,0,0,0
cursor,debug,4096,reused,large_multiqueue_suffix,reset,5,401,611,761,0,0,0,0
cursor,debug,4096,reused,large_multiqueue_suffix,write_read,5,888271,895152,909634,0,0,0,0
cursor,debug,4096,reused,large_single_suffix,prepare_suffix,5,217528,232641,251720,0,0,0,0
cursor,debug,4096,reused,large_single_suffix,read_suffix,5,162235,180553,273864,0,0,0,0
cursor,debug,4096,reused,large_single_suffix,reset,5,201,501,681,0,0,0,0
cursor,debug,4096,reused,large_single_suffix,write_read,5,870885,961812,1015484,0,0,0,0
cursor,debug,4096,reused,multiqueue_bulk,random_read,5,5666178,6138881,7843245,0,0,0,0
cursor,debug,4096,reused,multiqueue_bulk,reset,5,550,1572,3435,0,0,0,0
cursor,debug,4096,reused,multiqueue_bulk,write,5,293012,294735,408236,0,0,0,0
cursor,debug,4096,reused,multiqueue_last_interleave,reset,5,741,1412,1883,0,0,0,0
cursor,debug,4096,reused,multiqueue_last_interleave,write_read,5,9895996,10654481,11323731,0,0,0,0
cursor,debug,4096,reused,multiqueue_nonlast_interleave,reset,5,871,1101,2694,0,0,0,0
cursor,debug,4096,reused,multiqueue_nonlast_interleave,write_read,5,10115577,10448500,15067946,0,0,0,0
cursor,debug,4096,reused,random,random_read,5,22854715,25081087,31449466,0,0,0,0
cursor,debug,4096,reused,random,reset,5,1423,2884,3365,0,0,0,0
cursor,debug,4096,reused,random,sequential_read,5,236577,269087,291050,0,0,0,0
cursor,debug,4096,reused,random,write,5,14769795,15133655,17421971,0,0,0,0
cursor,debug,4096,reused,reverse,random_read,5,22068458,24691770,26169587,0,0,0,0
cursor,debug,4096,reused,reverse,reset,5,2413,2764,3034,0,0,0,0
cursor,debug,4096,reused,reverse,sequential_read,5,236417,248114,295907,0,0,0,0
cursor,debug,4096,reused,reverse,write,5,303298,305271,342658,0,0,0,0
cursor,debug,8192,cold,alternating_write_read,constructor,5,708260,726887,793458,8196,0,983120,0
cursor,debug,8192,cold,alternating_write_read,reset,5,1272,1522,1802,0,0,0,0
cursor,debug,8192,cold,alternating_write_read,write_read,5,35813886,36316068,37078550,0,0,0,0
cursor,debug,8192,cold,ascending,constructor,5,712887,728140,1064408,8196,0,983120,0
cursor,debug,8192,cold,ascending,random_read,5,63163946,64385161,73859940,0,0,0,0
cursor,debug,8192,cold,ascending,reset,5,1763,2393,3265,0,0,0,0
cursor,debug,8192,cold,ascending,sequential_read,5,480997,520185,534387,0,0,0,0
cursor,debug,8192,cold,ascending,write,5,586516,597002,833990,0,0,0,0
cursor,debug,8192,cold,distinct_ids,constructor,5,712656,733418,906238,8196,0,983120,0
cursor,debug,8192,cold,distinct_ids,read,5,1364080,1378272,1465022,0,0,0,0
cursor,debug,8192,cold,distinct_ids,reset,5,1122,1282,1352,0,0,0,0
cursor,debug,8192,cold,distinct_ids,write,5,77988850,78858900,79784308,0,0,0,0
cursor,debug,8192,cold,large_multiqueue_suffix,constructor,5,712937,722501,845958,8196,0,983120,0
cursor,debug,8192,cold,large_multiqueue_suffix,prepare_suffix,5,479213,492854,513696,0,0,0,0
cursor,debug,8192,cold,large_multiqueue_suffix,read_suffix,5,329227,342758,369208,0,0,0,0
cursor,debug,8192,cold,large_multiqueue_suffix,reset,5,271,621,961,0,0,0,0
cursor,debug,8192,cold,large_multiqueue_suffix,write_read,5,3349779,3440425,3574038,0,0,0,0
cursor,debug,8192,cold,large_single_suffix,constructor,5,733368,740709,1254024,8196,0,983120,0
cursor,debug,8192,cold,large_single_suffix,prepare_suffix,5,432604,436739,453935,0,0,0,0
cursor,debug,8192,cold,large_single_suffix,read_suffix,5,326894,339072,343268,0,0,0,0
cursor,debug,8192,cold,large_single_suffix,reset,5,291,561,731,0,0,0,0
cursor,debug,8192,cold,large_single_suffix,write_read,5,3345793,3352223,3530963,0,0,0,0
cursor,debug,8192,cold,multiqueue_bulk,constructor,5,722952,729021,742030,8196,0,983120,0
cursor,debug,8192,cold,multiqueue_bulk,random_read,5,21948036,22124313,22598150,0,0,0,0
cursor,debug,8192,cold,multiqueue_bulk,reset,5,630,1392,2533,0,0,0,0
cursor,debug,8192,cold,multiqueue_bulk,write,5,579866,586545,598484,0,0,0,0
cursor,debug,8192,cold,multiqueue_last_interleave,constructor,5,739677,784135,1149827,8196,0,983120,0
cursor,debug,8192,cold,multiqueue_last_interleave,reset,5,1262,1893,2164,0,0,0,0
cursor,debug,8192,cold,multiqueue_last_interleave,write_read,5,32629210,32958514,33874661,0,0,0,0
cursor,debug,8192,cold,multiqueue_nonlast_interleave,constructor,5,723353,746588,793809,8196,0,983120,0
cursor,debug,8192,cold,multiqueue_nonlast_interleave,reset,5,1042,2013,2354,0,0,0,0
cursor,debug,8192,cold,multiqueue_nonlast_interleave,write_read,5,32414646,32762468,35513316,0,0,0,0
cursor,debug,8192,cold,random,constructor,5,715050,778566,982694,8196,0,983120,0
cursor,debug,8192,cold,random,random_read,5,66868992,66952552,72864827,0,0,0,0
cursor,debug,8192,cold,random,reset,5,2504,3014,3255,0,0,0,0
cursor,debug,8192,cold,random,sequential_read,5,469169,475438,485423,0,0,0,0
cursor,debug,8192,cold,random,write,5,66038283,68368376,74165015,0,0,0,0
cursor,debug,8192,cold,reverse,constructor,5,728740,730223,1261545,8196,0,983120,0
cursor,debug,8192,cold,reverse,random_read,5,62208359,62982833,70887461,0,0,0,0
cursor,debug,8192,cold,reverse,reset,5,1322,2253,3386,0,0,0,0
cursor,debug,8192,cold,reverse,sequential_read,5,465833,486815,514317,0,0,0,0
cursor,debug,8192,cold,reverse,write,5,600867,618974,713608,0,0,0,0
cursor,debug,8192,reused,alternating_write_read,reset,5,1592,1803,2153,0,0,0,0
cursor,debug,8192,reused,alternating_write_read,write_read,5,36052668,36798416,37783715,0,0,0,0
cursor,debug,8192,reused,ascending,random_read,5,63605793,65039599,70488248,0,0,0,0
cursor,debug,8192,reused,ascending,reset,5,2273,2834,3135,0,0,0,0
cursor,debug,8192,reused,ascending,sequential_read,5,466815,484291,504772,0,0,0,0
cursor,debug,8192,reused,ascending,write,5,596081,602430,681319,0,0,0,0
cursor,debug,8192,reused,distinct_ids,read,5,1357821,1362037,1477502,0,0,0,0
cursor,debug,8192,reused,distinct_ids,reset,5,1172,1453,1722,0,0,0,0
cursor,debug,8192,reused,distinct_ids,write,5,77418638,78103901,78404885,0,0,0,0
cursor,debug,8192,reused,large_multiqueue_suffix,prepare_suffix,5,479745,494878,563311,0,0,0,0
cursor,debug,8192,reused,large_multiqueue_suffix,read_suffix,5,328356,331151,344260,0,0,0,0
cursor,debug,8192,reused,large_multiqueue_suffix,reset,5,390,421,530,0,0,0,0
cursor,debug,8192,reused,large_multiqueue_suffix,write_read,5,3331933,3364371,3441278,0,0,0,0
cursor,debug,8192,reused,large_single_suffix,prepare_suffix,5,432914,435368,471502,0,0,0,0
cursor,debug,8192,reused,large_single_suffix,read_suffix,5,325491,326183,341485,0,0,0,0
cursor,debug,8192,reused,large_single_suffix,reset,5,220,371,732,0,0,0,0
cursor,debug,8192,reused,large_single_suffix,write_read,5,3341377,3355558,3605486,0,0,0,0
cursor,debug,8192,reused,multiqueue_bulk,random_read,5,22036101,22308370,23226900,0,0,0,0
cursor,debug,8192,reused,multiqueue_bulk,reset,5,1372,1863,2504,0,0,0,0
cursor,debug,8192,reused,multiqueue_bulk,write,5,580397,585214,600016,0,0,0,0
cursor,debug,8192,reused,multiqueue_last_interleave,reset,5,972,1963,2224,0,0,0,0
cursor,debug,8192,reused,multiqueue_last_interleave,write_read,5,32698091,33030143,33785106,0,0,0,0
cursor,debug,8192,reused,multiqueue_nonlast_interleave,reset,5,1022,1723,2724,0,0,0,0
cursor,debug,8192,reused,multiqueue_nonlast_interleave,write_read,5,32375404,32900838,34240162,0,0,0,0
cursor,debug,8192,reused,random,random_read,5,66734054,68152621,70537913,0,0,0,0
cursor,debug,8192,reused,random,reset,5,1933,2704,3445,0,0,0,0
cursor,debug,8192,reused,random,sequential_read,5,479384,528077,604573,0,0,0,0
cursor,debug,8192,reused,random,write,5,67338005,68445055,69661820,0,0,0,0
cursor,debug,8192,reused,reverse,random_read,5,62696835,67342556,69004107,0,0,0,0
cursor,debug,8192,reused,reverse,reset,5,2483,2724,3174,0,0,0,0
cursor,debug,8192,reused,reverse,sequential_read,5,480796,487527,828351,0,0,0,0
cursor,debug,8192,reused,reverse,write,5,591724,615620,629351,0,0,0,0
cursor,optimized,32,cold,alternating_write_read,constructor,5,541,641,751,36,0,3920,0
cursor,optimized,32,cold,alternating_write_read,reset,5,30,41,50,0,0,0,0
cursor,optimized,32,cold,alternating_write_read,write_read,5,1042,1162,1302,0,0,0,0
cursor,optimized,32,cold,ascending,constructor,5,1322,1452,21262,36,0,3920,0
cursor,optimized,32,cold,ascending,random_read,5,851,892,952,0,0,0,0
cursor,optimized,32,cold,ascending,reset,5,30,50,50,0,0,0,0
cursor,optimized,32,cold,ascending,sequential_read,5,280,371,14081,0,0,0,0
cursor,optimized,32,cold,ascending,write,5,310,351,921,0,0,0,0
cursor,optimized,32,cold,distinct_ids,constructor,5,600,892,1703,36,0,3920,0
cursor,optimized,32,cold,distinct_ids,read,5,641,682,991,0,0,0,0
cursor,optimized,32,cold,distinct_ids,reset,5,30,50,50,0,0,0,0
cursor,optimized,32,cold,distinct_ids,write,5,701,741,1051,0,0,0,0
cursor,optimized,32,cold,large_multiqueue_suffix,constructor,5,611,751,951,36,0,3920,0
cursor,optimized,32,cold,large_multiqueue_suffix,prepare_suffix,5,301,491,531,0,0,0,0
cursor,optimized,32,cold,large_multiqueue_suffix,read_suffix,5,270,300,351,0,0,0,0
cursor,optimized,32,cold,large_multiqueue_suffix,reset,5,30,30,40,0,0,0,0
cursor,optimized,32,cold,large_multiqueue_suffix,write_read,5,191,230,240,0,0,0,0
cursor,optimized,32,cold,large_single_suffix,constructor,5,811,961,4117,36,0,3920,0
cursor,optimized,32,cold,large_single_suffix,prepare_suffix,5,321,491,881,0,0,0,0
cursor,optimized,32,cold,large_single_suffix,read_suffix,5,231,290,631,0,0,0,0
cursor,optimized,32,cold,large_single_suffix,reset,5,40,40,50,0,0,0,0
cursor,optimized,32,cold,large_single_suffix,write_read,5,231,311,320,0,0,0,0
cursor,optimized,32,cold,multiqueue_bulk,constructor,5,591,771,901,36,0,3920,0
cursor,optimized,32,cold,multiqueue_bulk,random_read,5,390,571,1713,0,0,0,0
cursor,optimized,32,cold,multiqueue_bulk,reset,5,30,30,711,0,0,0,0
cursor,optimized,32,cold,multiqueue_bulk,write,5,330,441,2494,0,0,0,0
cursor,optimized,32,cold,multiqueue_last_interleave,constructor,5,721,912,2303,36,0,3920,0
cursor,optimized,32,cold,multiqueue_last_interleave,reset,5,30,31,50,0,0,0,0
cursor,optimized,32,cold,multiqueue_last_interleave,write_read,5,991,1192,1472,0,0,0,0
cursor,optimized,32,cold,multiqueue_nonlast_interleave,constructor,5,621,812,1151,36,0,3920,0
cursor,optimized,32,cold,multiqueue_nonlast_interleave,reset,5,30,30,40,0,0,0,0
cursor,optimized,32,cold,multiqueue_nonlast_interleave,write_read,5,841,941,1272,0,0,0,0
cursor,optimized,32,cold,random,constructor,5,681,821,892,36,0,3920,0
cursor,optimized,32,cold,random,random_read,5,831,841,872,0,0,0,0
cursor,optimized,32,cold,random,reset,5,30,30,31,0,0,0,0
cursor,optimized,32,cold,random,sequential_read,5,270,280,320,0,0,0,0
cursor,optimized,32,cold,random,write,5,681,1111,1201,0,0,0,0
cursor,optimized,32,cold,reverse,constructor,5,811,911,1242,36,0,3920,0
cursor,optimized,32,cold,reverse,random_read,5,851,851,872,0,0,0,0
cursor,optimized,32,cold,reverse,reset,5,30,30,40,0,0,0,0
cursor,optimized,32,cold,reverse,sequential_read,5,280,280,300,0,0,0,0
cursor,optimized,32,cold,reverse,write,5,360,361,410,0,0,0,0
cursor,optimized,32,reused,alternating_write_read,reset,5,30,40,90,0,0,0,0
cursor,optimized,32,reused,alternating_write_read,write_read,5,1002,1022,3666,0,0,0,0
cursor,optimized,32,reused,ascending,random_read,5,841,851,852,0,0,0,0
cursor,optimized,32,reused,ascending,reset,5,30,30,50,0,0,0,0
cursor,optimized,32,reused,ascending,sequential_read,5,290,301,311,0,0,0,0
cursor,optimized,32,reused,ascending,write,5,300,350,361,0,0,0,0
cursor,optimized,32,reused,distinct_ids,read,5,551,611,4527,0,0,0,0
cursor,optimized,32,reused,distinct_ids,reset,5,30,30,40,0,0,0,0
cursor,optimized,32,reused,distinct_ids,write,5,531,621,631,0,0,0,0
cursor,optimized,32,reused,large_multiqueue_suffix,prepare_suffix,5,270,301,340,0,0,0,0
cursor,optimized,32,reused,large_multiqueue_suffix,read_suffix,5,270,320,411,0,0,0,0
cursor,optimized,32,reused,large_multiqueue_suffix,reset,5,30,30,30,0,0,0,0
cursor,optimized,32,reused,large_multiqueue_suffix,write_read,5,170,201,271,0,0,0,0
cursor,optimized,32,reused,large_single_suffix,prepare_suffix,5,271,290,381,0,0,0,0
cursor,optimized,32,reused,large_single_suffix,read_suffix,5,220,231,241,0,0,0,0
cursor,optimized,32,reused,large_single_suffix,reset,5,30,30,31,0,0,0,0
cursor,optimized,32,reused,large_single_suffix,write_read,5,220,250,270,0,0,0,0
cursor,optimized,32,reused,multiqueue_bulk,random_read,5,330,350,471,0,0,0,0
cursor,optimized,32,reused,multiqueue_bulk,reset,5,30,30,40,0,0,0,0
cursor,optimized,32,reused,multiqueue_bulk,write,5,290,361,420,0,0,0,0
cursor,optimized,32,reused,multiqueue_last_interleave,reset,5,30,40,50,0,0,0,0
cursor,optimized,32,reused,multiqueue_last_interleave,write_read,5,901,912,991,0,0,0,0
cursor,optimized,32,reused,multiqueue_nonlast_interleave,reset,5,30,30,40,0,0,0,0
cursor,optimized,32,reused,multiqueue_nonlast_interleave,write_read,5,821,862,1061,0,0,0,0
cursor,optimized,32,reused,random,random_read,5,851,861,881,0,0,0,0
cursor,optimized,32,reused,random,reset,5,30,30,40,0,0,0,0
cursor,optimized,32,reused,random,sequential_read,5,270,280,360,0,0,0,0
cursor,optimized,32,reused,random,write,5,550,981,1182,0,0,0,0
cursor,optimized,32,reused,reverse,random_read,5,841,852,862,0,0,0,0
cursor,optimized,32,reused,reverse,reset,5,30,30,30,0,0,0,0
cursor,optimized,32,reused,reverse,sequential_read,5,261,280,281,0,0,0,0
cursor,optimized,32,reused,reverse,write,5,310,321,350,0,0,0,0
cursor,optimized,128,cold,alternating_write_read,constructor,5,2153,2203,2244,132,0,15440,0
cursor,optimized,128,cold,alternating_write_read,reset,5,30,30,41,0,0,0,0
cursor,optimized,128,cold,alternating_write_read,write_read,5,8052,8092,8233,0,0,0,0
cursor,optimized,128,cold,ascending,constructor,5,4447,4727,10446,132,0,15440,0
cursor,optimized,128,cold,ascending,random_read,5,12149,12159,12249,0,0,0,0
cursor,optimized,128,cold,ascending,reset,5,30,30,50,0,0,0,0
cursor,optimized,128,cold,ascending,sequential_read,5,1001,1082,1262,0,0,0,0
cursor,optimized,128,cold,ascending,write,5,1122,1132,2154,0,0,0,0
cursor,optimized,128,cold,distinct_ids,constructor,5,2934,2994,4827,132,0,15440,0
cursor,optimized,128,cold,distinct_ids,read,5,2134,2173,2424,0,0,0,0
cursor,optimized,128,cold,distinct_ids,reset,5,30,30,60,0,0,0,0
cursor,optimized,128,cold,distinct_ids,write,5,3896,4336,6169,0,0,0,0
cursor,optimized,128,cold,large_multiqueue_suffix,constructor,5,2113,2243,2283,132,0,15440,0
cursor,optimized,128,cold,large_multiqueue_suffix,prepare_suffix,5,931,1011,1042,0,0,0,0
cursor,optimized,128,cold,large_multiqueue_suffix,read_suffix,5,771,791,812,0,0,0,0
cursor,optimized,128,cold,large_multiqueue_suffix,reset,5,30,30,30,0,0,0,0
cursor,optimized,128,cold,large_multiqueue_suffix,write_read,5,932,972,992,0,0,0,0
cursor,optimized,128,cold,large_single_suffix,constructor,5,2023,2384,6930,132,0,15440,0
cursor,optimized,128,cold,large_single_suffix,prepare_suffix,5,891,922,951,0,0,0,0
cursor,optimized,128,cold,large_single_suffix,read_suffix,5,751,791,851,0,0,0,0
cursor,optimized,128,cold,large_single_suffix,reset,5,40,50,50,0,0,0,0
cursor,optimized,128,cold,large_single_suffix,write_read,5,911,991,1112,0,0,0,0
cursor,optimized,128,cold,multiqueue_bulk,constructor,5,2193,2915,4797,132,0,15440,0
cursor,optimized,128,cold,multiqueue_bulk,random_read,5,3315,3335,3596,0,0,0,0
cursor,optimized,128,cold,multiqueue_bulk,reset,5,30,31,40,0,0,0,0
cursor,optimized,128,cold,multiqueue_bulk,write,5,1102,1111,1202,0,0,0,0
cursor,optimized,128,cold,multiqueue_last_interleave,constructor,5,2083,2313,20381,132,0,15440,0
cursor,optimized,128,cold,multiqueue_last_interleave,reset,5,30,30,40,0,0,0,0
cursor,optimized,128,cold,multiqueue_last_interleave,write_read,5,7291,7671,9845,0,0,0,0
cursor,optimized,128,cold,multiqueue_nonlast_interleave,constructor,5,2434,3125,3195,132,0,15440,0
cursor,optimized,128,cold,multiqueue_nonlast_interleave,reset,5,30,30,61,0,0,0,0
cursor,optimized,128,cold,multiqueue_nonlast_interleave,write_read,5,7011,7091,138900,0,0,0,0
cursor,optimized,128,cold,random,constructor,5,2875,2965,3114,132,0,15440,0
cursor,optimized,128,cold,random,random_read,5,12178,12198,12258,0,0,0,0
cursor,optimized,128,cold,random,reset,5,30,30,40,0,0,0,0
cursor,optimized,128,cold,random,sequential_read,5,992,1002,1382,0,0,0,0
cursor,optimized,128,cold,random,write,5,7261,9094,9624,0,0,0,0
cursor,optimized,128,cold,reverse,constructor,5,2905,3095,3185,132,0,15440,0
cursor,optimized,128,cold,reverse,random_read,5,12179,12189,12208,0,0,0,0
cursor,optimized,128,cold,reverse,reset,5,30,30,50,0,0,0,0
cursor,optimized,128,cold,reverse,sequential_read,5,991,1002,1853,0,0,0,0
cursor,optimized,128,cold,reverse,write,5,1162,1202,1212,0,0,0,0
cursor,optimized,128,reused,alternating_write_read,reset,5,30,40,51,0,0,0,0
cursor,optimized,128,reused,alternating_write_read,write_read,5,8022,8083,8132,0,0,0,0
cursor,optimized,128,reused,ascending,random_read,5,12168,12179,12199,0,0,0,0
cursor,optimized,128,reused,ascending,reset,5,30,30,31,0,0,0,0
cursor,optimized,128,reused,ascending,sequential_read,5,992,1002,1042,0,0,0,0
cursor,optimized,128,reused,ascending,write,5,1111,1111,1122,0,0,0,0
cursor,optimized,128,reused,distinct_ids,read,5,2043,2143,3165,0,0,0,0
cursor,optimized,128,reused,distinct_ids,reset,5,30,30,40,0,0,0,0
cursor,optimized,128,reused,distinct_ids,write,5,3785,3976,4076,0,0,0,0
cursor,optimized,128,reused,large_multiqueue_suffix,prepare_suffix,5,921,932,952,0,0,0,0
cursor,optimized,128,reused,large_multiqueue_suffix,read_suffix,5,801,801,831,0,0,0,0
cursor,optimized,128,reused,large_multiqueue_suffix,reset,5,30,30,31,0,0,0,0
cursor,optimized,128,reused,large_multiqueue_suffix,write_read,5,922,951,1001,0,0,0,0
cursor,optimized,128,reused,large_single_suffix,prepare_suffix,5,861,892,902,0,0,0,0
cursor,optimized,128,reused,large_single_suffix,read_suffix,5,721,721,791,0,0,0,0
cursor,optimized,128,reused,large_single_suffix,reset,5,30,30,30,0,0,0,0
cursor,optimized,128,reused,large_single_suffix,write_read,5,931,942,981,0,0,0,0
cursor,optimized,128,reused,multiqueue_bulk,random_read,5,3265,3285,3305,0,0,0,0
cursor,optimized,128,reused,multiqueue_bulk,reset,5,30,30,30,0,0,0,0
cursor,optimized,128,reused,multiqueue_bulk,write,5,1061,1082,1092,0,0,0,0
cursor,optimized,128,reused,multiqueue_last_interleave,reset,5,30,40,50,0,0,0,0
cursor,optimized,128,reused,multiqueue_last_interleave,write_read,5,7081,7191,13059,0,0,0,0
cursor,optimized,128,reused,multiqueue_nonlast_interleave,reset,5,30,30,40,0,0,0,0
cursor,optimized,128,reused,multiqueue_nonlast_interleave,write_read,5,6920,6991,7130,0,0,0,0
cursor,optimized,128,reused,random,random_read,5,12169,12228,12689,0,0,0,0
cursor,optimized,128,reused,random,reset,5,30,30,40,0,0,0,0
cursor,optimized,128,reused,random,sequential_read,5,991,1012,1102,0,0,0,0
cursor,optimized,128,reused,random,write,5,6961,7411,11227,0,0,0,0
cursor,optimized,128,reused,reverse,random_read,5,12168,12189,12199,0,0,0,0
cursor,optimized,128,reused,reverse,reset,5,30,30,30,0,0,0,0
cursor,optimized,128,reused,reverse,sequential_read,5,991,992,1002,0,0,0,0
cursor,optimized,128,reused,reverse,write,5,1141,1142,1202,0,0,0,0
cursor,optimized,512,cold,alternating_write_read,constructor,5,8112,8343,13009,516,0,61520,0
cursor,optimized,512,cold,alternating_write_read,reset,5,30,40,51,0,0,0,0
cursor,optimized,512,cold,alternating_write_read,write_read,5,111989,112310,142495,0,0,0,0
cursor,optimized,512,cold,ascending,constructor,5,17706,18117,18297,516,0,61520,0
cursor,optimized,512,cold,ascending,random_read,5,213062,213202,245762,0,0,0,0
cursor,optimized,512,cold,ascending,reset,5,40,50,60,0,0,0,0
cursor,optimized,512,cold,ascending,sequential_read,5,3866,3936,4046,0,0,0,0
cursor,optimized,512,cold,ascending,write,5,4266,4327,4417,0,0,0,0
cursor,optimized,512,cold,distinct_ids,constructor,5,11337,12058,13280,516,0,61520,0
cursor,optimized,512,cold,distinct_ids,read,5,8673,8824,8863,0,0,0,0
cursor,optimized,512,cold,distinct_ids,reset,5,40,50,160,0,0,0,0
cursor,optimized,512,cold,distinct_ids,write,5,43857,43986,82094,0,0,0,0
cursor,optimized,512,cold,large_multiqueue_suffix,constructor,5,8062,8202,8342,516,0,61520,0
cursor,optimized,512,cold,large_multiqueue_suffix,prepare_suffix,5,3696,3765,3846,0,0,0,0
cursor,optimized,512,cold,large_multiqueue_suffix,read_suffix,5,2884,2904,2934,0,0,0,0
cursor,optimized,512,cold,large_multiqueue_suffix,reset,5,30,30,40,0,0,0,0
cursor,optimized,512,cold,large_multiqueue_suffix,write_read,5,8053,8112,8272,0,0,0,0
cursor,optimized,512,cold,large_single_suffix,constructor,5,7942,10867,39489,516,0,61520,0
cursor,optimized,512,cold,large_single_suffix,prepare_suffix,5,3415,3515,5989,0,0,0,0
cursor,optimized,512,cold,large_single_suffix,read_suffix,5,2854,2895,3095,0,0,0,0
cursor,optimized,512,cold,large_single_suffix,reset,5,30,50,50,0,0,0,0
cursor,optimized,512,cold,large_single_suffix,write_read,5,8152,8323,8893,0,0,0,0
cursor,optimized,512,cold,multiqueue_bulk,constructor,5,8182,11056,12278,516,0,61520,0
cursor,optimized,512,cold,multiqueue_bulk,random_read,5,48884,48963,49064,0,0,0,0
cursor,optimized,512,cold,multiqueue_bulk,reset,5,30,40,50,0,0,0,0
cursor,optimized,512,cold,multiqueue_bulk,write,5,4197,4247,36225,0,0,0,0
cursor,optimized,512,cold,multiqueue_last_interleave,constructor,5,7982,8423,36265,516,0,61520,0
cursor,optimized,512,cold,multiqueue_last_interleave,reset,5,30,30,50,0,0,0,0
cursor,optimized,512,cold,multiqueue_last_interleave,write_read,5,105689,106030,1478923,0,0,0,0
cursor,optimized,512,cold,multiqueue_nonlast_interleave,constructor,5,8362,11117,13510,516,0,61520,0
cursor,optimized,512,cold,multiqueue_nonlast_interleave,reset,5,30,30,40,0,0,0,0
cursor,optimized,512,cold,multiqueue_nonlast_interleave,write_read,5,104197,104417,197938,0,0,0,0
cursor,optimized,512,cold,random,constructor,5,11437,11587,11918,516,0,61520,0
cursor,optimized,512,cold,random,random_read,5,213112,234514,3223383,0,0,0,0
cursor,optimized,512,cold,random,reset,5,30,31,50,0,0,0,0
cursor,optimized,512,cold,random,sequential_read,5,3886,3906,4056,0,0,0,0
cursor,optimized,512,cold,random,write,5,116005,116546,140101,0,0,0,0
cursor,optimized,512,cold,reverse,constructor,5,11407,12309,97647,516,0,61520,0
cursor,optimized,512,cold,reverse,random_read,5,213873,213973,290860,0,0,0,0
cursor,optimized,512,cold,reverse,reset,5,30,30,40,0,0,0,0
cursor,optimized,512,cold,reverse,sequential_read,5,3866,3905,4046,0,0,0,0
cursor,optimized,512,cold,reverse,write,5,4456,4477,4537,0,0,0,0
cursor,optimized,512,reused,alternating_write_read,reset,5,40,40,110,0,0,0,0
cursor,optimized,512,reused,alternating_write_read,write_read,5,111999,112080,289127,0,0,0,0
cursor,optimized,512,reused,ascending,random_read,5,213081,213172,353023,0,0,0,0
cursor,optimized,512,reused,ascending,reset,5,30,30,40,0,0,0,0
cursor,optimized,512,reused,ascending,sequential_read,5,3836,3876,5218,0,0,0,0
cursor,optimized,512,reused,ascending,write,5,4276,4307,7421,0,0,0,0
cursor,optimized,512,reused,distinct_ids,read,5,8483,8533,8733,0,0,0,0
cursor,optimized,512,reused,distinct_ids,reset,5,30,30,40,0,0,0,0
cursor,optimized,512,reused,distinct_ids,write,5,43336,43406,43646,0,0,0,0
cursor,optimized,512,reused,large_multiqueue_suffix,prepare_suffix,5,3655,3886,136757,0,0,0,0
cursor,optimized,512,reused,large_multiqueue_suffix,read_suffix,5,2864,2875,3004,0,0,0,0
cursor,optimized,512,reused,large_multiqueue_suffix,reset,5,30,30,50,0,0,0,0
cursor,optimized,512,reused,large_multiqueue_suffix,write_read,5,8053,8132,8243,0,0,0,0
cursor,optimized,512,reused,large_single_suffix,prepare_suffix,5,3325,3345,3355,0,0,0,0
cursor,optimized,512,reused,large_single_suffix,read_suffix,5,2744,2765,2815,0,0,0,0
cursor,optimized,512,reused,large_single_suffix,reset,5,30,30,31,0,0,0,0
cursor,optimized,512,reused,large_single_suffix,write_read,5,8052,8113,8183,0,0,0,0
cursor,optimized,512,reused,multiqueue_bulk,random_read,5,48754,48784,48833,0,0,0,0
cursor,optimized,512,reused,multiqueue_bulk,reset,5,30,30,40,0,0,0,0
cursor,optimized,512,reused,multiqueue_bulk,write,5,4106,4196,4247,0,0,0,0
cursor,optimized,512,reused,multiqueue_last_interleave,reset,5,30,40,60,0,0,0,0
cursor,optimized,512,reused,multiqueue_last_interleave,write_read,5,105700,117427,188334,0,0,0,0
cursor,optimized,512,reused,multiqueue_nonlast_interleave,reset,5,30,30,40,0,0,0,0
cursor,optimized,512,reused,multiqueue_nonlast_interleave,write_read,5,103867,103987,104477,0,0,0,0
cursor,optimized,512,reused,random,random_read,5,213182,230257,328186,0,0,0,0
cursor,optimized,512,reused,random,reset,5,30,31,40,0,0,0,0
cursor,optimized,512,reused,random,sequential_read,5,3906,4076,6860,0,0,0,0
cursor,optimized,512,reused,random,write,5,114153,116626,132209,0,0,0,0
cursor,optimized,512,reused,reverse,random_read,5,213793,214064,231559,0,0,0,0
cursor,optimized,512,reused,reverse,reset,5,30,30,40,0,0,0,0
cursor,optimized,512,reused,reverse,sequential_read,5,3845,3866,3886,0,0,0,0
cursor,optimized,512,reused,reverse,write,5,4367,4417,4517,0,0,0,0
cursor,optimized,4096,cold,alternating_write_read,constructor,5,58238,59419,61853,4100,0,491600,0
cursor,optimized,4096,cold,alternating_write_read,reset,5,40,50,50,0,0,0,0
cursor,optimized,4096,cold,alternating_write_read,write_read,5,9826180,9861623,15282841,0,0,0,0
cursor,optimized,4096,cold,ascending,constructor,5,67672,70436,72619,4100,0,491600,0
cursor,optimized,4096,cold,ascending,random_read,5,14311985,14749025,15912734,0,0,0,0
cursor,optimized,4096,cold,ascending,reset,5,40,50,70,0,0,0,0
cursor,optimized,4096,cold,ascending,sequential_read,5,30826,30967,31027,0,0,0,0
cursor,optimized,4096,cold,ascending,write,5,33811,34042,34613,0,0,0,0
cursor,optimized,4096,cold,distinct_ids,constructor,5,64527,66571,105128,4100,0,491600,0
cursor,optimized,4096,cold,distinct_ids,read,5,70597,71879,99450,0,0,0,0
cursor,optimized,4096,cold,distinct_ids,reset,5,50,50,190,0,0,0,0
cursor,optimized,4096,cold,distinct_ids,write,5,3545214,3645296,4015935,0,0,0,0
cursor,optimized,4096,cold,large_multiqueue_suffix,constructor,5,59169,60452,73261,4100,0,491600,0
cursor,optimized,4096,cold,large_multiqueue_suffix,prepare_suffix,5,28943,29185,227033,0,0,0,0
cursor,optimized,4096,cold,large_multiqueue_suffix,read_suffix,5,22634,23465,26691,0,0,0,0
cursor,optimized,4096,cold,large_multiqueue_suffix,reset,5,30,30,50,0,0,0,0
cursor,optimized,4096,cold,large_multiqueue_suffix,write_read,5,455157,455558,469109,0,0,0,0
cursor,optimized,4096,cold,large_single_suffix,constructor,5,73701,74983,105199,4100,0,491600,0
cursor,optimized,4096,cold,large_single_suffix,prepare_suffix,5,28033,28713,103766,0,0,0,0
cursor,optimized,4096,cold,large_single_suffix,read_suffix,5,22153,22303,22474,0,0,0,0
cursor,optimized,4096,cold,large_single_suffix,reset,5,40,50,50,0,0,0,0
cursor,optimized,4096,cold,large_single_suffix,write_read,5,455228,478152,512724,0,0,0,0
cursor,optimized,4096,cold,multiqueue_bulk,constructor,5,58779,62525,66430,4100,0,491600,0
cursor,optimized,4096,cold,multiqueue_bulk,random_read,5,4136257,4539035,4708411,0,0,0,0
cursor,optimized,4096,cold,multiqueue_bulk,reset,5,30,50,51,0,0,0,0
cursor,optimized,4096,cold,multiqueue_bulk,write,5,32899,33050,33410,0,0,0,0
cursor,optimized,4096,cold,multiqueue_last_interleave,constructor,5,69435,71999,75344,4100,0,491600,0
cursor,optimized,4096,cold,multiqueue_last_interleave,reset,5,50,50,60,0,0,0,0
cursor,optimized,4096,cold,multiqueue_last_interleave,write_read,5,6198861,6844407,7882574,0,0,0,0
cursor,optimized,4096,cold,multiqueue_nonlast_interleave,constructor,5,61513,67722,140092,4100,0,491600,0
cursor,optimized,4096,cold,multiqueue_nonlast_interleave,reset,5,30,50,60,0,0,0,0
cursor,optimized,4096,cold,multiqueue_nonlast_interleave,write_read,5,6032351,6609562,7444624,0,0,0,0
cursor,optimized,4096,cold,random,constructor,5,63526,65499,73301,4100,0,491600,0
cursor,optimized,4096,cold,random,random_read,5,17039484,17302392,19811181,0,0,0,0
cursor,optimized,4096,cold,random,reset,5,40,50,181,0,0,0,0
cursor,optimized,4096,cold,random,sequential_read,5,31758,32109,32639,0,0,0,0
cursor,optimized,4096,cold,random,write,5,8923337,9300356,10353086,0,0,0,0
cursor,optimized,4096,cold,reverse,constructor,5,63105,68543,69084,4100,0,491600,0
cursor,optimized,4096,cold,reverse,random_read,5,14102208,14815585,16723106,0,0,0,0
cursor,optimized,4096,cold,reverse,reset,5,30,40,50,0,0,0,0
cursor,optimized,4096,cold,reverse,sequential_read,5,30796,31808,48253,0,0,0,0
cursor,optimized,4096,cold,reverse,write,5,35524,35604,35784,0,0,0,0
cursor,optimized,4096,reused,alternating_write_read,reset,5,80,211,711,0,0,0,0
cursor,optimized,4096,reused,alternating_write_read,write_read,5,9334738,9827041,10972342,0,0,0,0
cursor,optimized,4096,reused,ascending,random_read,5,14074036,14869598,18450315,0,0,0,0
cursor,optimized,4096,reused,ascending,reset,5,30,50,50,0,0,0,0
cursor,optimized,4096,reused,ascending,sequential_read,5,31077,31317,31487,0,0,0,0
cursor,optimized,4096,reused,ascending,write,5,34412,34542,35163,0,0,0,0
cursor,optimized,4096,reused,distinct_ids,read,5,69204,71397,93872,0,0,0,0
cursor,optimized,4096,reused,distinct_ids,reset,5,40,51,190,0,0,0,0
cursor,optimized,4096,reused,distinct_ids,write,5,3499285,3745897,4103507,0,0,0,0
cursor,optimized,4096,reused,large_multiqueue_suffix,prepare_suffix,5,28793,29164,29414,0,0,0,0
cursor,optimized,4096,reused,large_multiqueue_suffix,read_suffix,5,22634,23466,42043,0,0,0,0
cursor,optimized,4096,reused,large_multiqueue_suffix,reset,5,30,30,50,0,0,0,0
cursor,optimized,4096,reused,large_multiqueue_suffix,write_read,5,467747,474877,495859,0,0,0,0
cursor,optimized,4096,reused,large_single_suffix,prepare_suffix,5,27061,28333,28413,0,0,0,0
cursor,optimized,4096,reused,large_single_suffix,read_suffix,5,21853,21983,22203,0,0,0,0
cursor,optimized,4096,reused,large_single_suffix,reset,5,30,40,50,0,0,0,0
cursor,optimized,4096,reused,large_single_suffix,write_read,5,455418,482478,714398,0,0,0,0
cursor,optimized,4096,reused,multiqueue_bulk,random_read,5,4134224,4432284,4912809,0,0,0,0
cursor,optimized,4096,reused,multiqueue_bulk,reset,5,40,40,190,0,0,0,0
cursor,optimized,4096,reused,multiqueue_bulk,write,5,32910,33030,33220,0,0,0,0
cursor,optimized,4096,reused,multiqueue_last_interleave,reset,5,250,270,530,0,0,0,0
cursor,optimized,4096,reused,multiqueue_last_interleave,write_read,5,6718768,7192132,10398505,0,0,0,0
cursor,optimized,4096,reused,multiqueue_nonlast_interleave,reset,5,70,250,431,0,0,0,0
cursor,optimized,4096,reused,multiqueue_nonlast_interleave,write_read,5,6006402,6361477,7306225,0,0,0,0
cursor,optimized,4096,reused,random,random_read,5,16624798,17074326,19952193,0,0,0,0
cursor,optimized,4096,reused,random,reset,5,50,50,50,0,0,0,0
cursor,optimized,4096,reused,random,sequential_read,5,31878,32739,49685,0,0,0,0
cursor,optimized,4096,reused,random,write,5,8771308,9899551,10160935,0,0,0,0
cursor,optimized,4096,reused,reverse,random_read,5,14456934,14979644,16711884,0,0,0,0
cursor,optimized,4096,reused,reverse,reset,5,40,50,180,0,0,0,0
cursor,optimized,4096,reused,reverse,sequential_read,5,30546,30847,31257,0,0,0,0
cursor,optimized,4096,reused,reverse,write,5,35143,35694,36155,0,0,0,0
cursor,optimized,8192,cold,alternating_write_read,constructor,5,116526,123096,262888,8196,0,983120,0
cursor,optimized,8192,cold,alternating_write_read,reset,5,50,50,51,0,0,0,0
cursor,optimized,8192,cold,alternating_write_read,write_read,5,24487703,25013187,31014300,0,0,0,0
cursor,optimized,8192,cold,ascending,constructor,5,135404,136656,428898,8196,0,983120,0
cursor,optimized,8192,cold,ascending,random_read,5,43042125,44156458,44674200,0,0,0,0
cursor,optimized,8192,cold,ascending,reset,5,41,50,170,0,0,0,0
cursor,optimized,8192,cold,ascending,sequential_read,5,61082,61402,62234,0,0,0,0
cursor,optimized,8192,cold,ascending,write,5,67832,67982,86962,0,0,0,0
cursor,optimized,8192,cold,distinct_ids,constructor,5,128554,129155,297710,8196,0,983120,0
cursor,optimized,8192,cold,distinct_ids,read,5,141464,144919,153652,0,0,0,0
cursor,optimized,8192,cold,distinct_ids,reset,5,180,310,541,0,0,0,0
cursor,optimized,8192,cold,distinct_ids,write,5,14425677,15104171,15741714,0,0,0,0
cursor,optimized,8192,cold,large_multiqueue_suffix,constructor,5,117397,125790,195085,8196,0,983120,0
cursor,optimized,8192,cold,large_multiqueue_suffix,prepare_suffix,5,57427,58418,77086,0,0,0,0
cursor,optimized,8192,cold,large_multiqueue_suffix,read_suffix,5,45879,50236,57827,0,0,0,0
cursor,optimized,8192,cold,large_multiqueue_suffix,reset,5,40,50,50,0,0,0,0
cursor,optimized,8192,cold,large_multiqueue_suffix,write_read,5,1973069,2056506,2476601,0,0,0,0
cursor,optimized,8192,cold,large_single_suffix,constructor,5,146141,147623,1084438,8196,0,983120,0
cursor,optimized,8192,cold,large_single_suffix,prepare_suffix,5,54523,56005,93211,0,0,0,0
cursor,optimized,8192,cold,large_single_suffix,read_suffix,5,43866,44027,44687,0,0,0,0
cursor,optimized,8192,cold,large_single_suffix,reset,5,40,40,50,0,0,0,0
cursor,optimized,8192,cold,large_single_suffix,write_read,5,1983616,2070216,2704784,0,0,0,0
cursor,optimized,8192,cold,multiqueue_bulk,constructor,5,124227,127502,134883,8196,0,983120,0
cursor,optimized,8192,cold,multiqueue_bulk,random_read,5,17217844,17694554,19033375,0,0,0,0
cursor,optimized,8192,cold,multiqueue_bulk,reset,5,50,60,61,0,0,0,0
cursor,optimized,8192,cold,multiqueue_bulk,write,5,65960,66040,101824,0,0,0,0
cursor,optimized,8192,cold,multiqueue_last_interleave,constructor,5,136276,140502,524082,8196,0,983120,0
cursor,optimized,8192,cold,multiqueue_last_interleave,reset,5,50,50,130,0,0,0,0
cursor,optimized,8192,cold,multiqueue_last_interleave,write_read,5,21395914,21602225,23080038,0,0,0,0
cursor,optimized,8192,cold,multiqueue_nonlast_interleave,constructor,5,128644,130287,142145,8196,0,983120,0
cursor,optimized,8192,cold,multiqueue_nonlast_interleave,reset,5,50,50,111,0,0,0,0
cursor,optimized,8192,cold,multiqueue_nonlast_interleave,write_read,5,21203353,21684369,22769167,0,0,0,0
cursor,optimized,8192,cold,random,constructor,5,129465,129866,294865,8196,0,983120,0
cursor,optimized,8192,cold,random,random_read,5,47852239,49025651,51531056,0,0,0,0
cursor,optimized,8192,cold,random,reset,5,50,50,70,0,0,0,0
cursor,optimized,8192,cold,random,sequential_read,5,63666,63806,65088,0,0,0,0
cursor,optimized,8192,cold,random,write,5,37176797,37946609,41705126,0,0,0,0
cursor,optimized,8192,cold,reverse,constructor,5,130417,146782,364030,8196,0,983120,0
cursor,optimized,8192,cold,reverse,random_read,5,42858397,44450091,50905104,0,0,0,0
cursor,optimized,8192,cold,reverse,reset,5,40,50,201,0,0,0,0
cursor,optimized,8192,cold,reverse,sequential_read,5,61933,62274,88153,0,0,0,0
cursor,optimized,8192,cold,reverse,write,5,70316,70716,146701,0,0,0,0
cursor,optimized,8192,reused,alternating_write_read,reset,5,230,351,731,0,0,0,0
cursor,optimized,8192,reused,alternating_write_read,write_read,5,24044574,25061850,28025256,0,0,0,0
cursor,optimized,8192,reused,ascending,random_read,5,43447357,44052511,57993315,0,0,0,0
cursor,optimized,8192,reused,ascending,reset,5,40,50,170,0,0,0,0
cursor,optimized,8192,reused,ascending,sequential_read,5,61934,62524,135926,0,0,0,0
cursor,optimized,8192,reused,ascending,write,5,68814,68904,69875,0,0,0,0
cursor,optimized,8192,reused,distinct_ids,read,5,137828,143937,191879,0,0,0,0
cursor,optimized,8192,reused,distinct_ids,reset,5,130,210,220,0,0,0,0
cursor,optimized,8192,reused,distinct_ids,write,5,14179105,14811810,15477295,0,0,0,0
cursor,optimized,8192,reused,large_multiqueue_suffix,prepare_suffix,5,57377,58128,142455,0,0,0,0
cursor,optimized,8192,reused,large_multiqueue_suffix,read_suffix,5,47361,51618,59530,0,0,0,0
cursor,optimized,8192,reused,large_multiqueue_suffix,reset,5,30,30,50,0,0,0,0
cursor,optimized,8192,reused,large_multiqueue_suffix,write_read,5,1991387,2040872,2302677,0,0,0,0
cursor,optimized,8192,reused,large_single_suffix,prepare_suffix,5,54121,57147,57958,0,0,0,0
cursor,optimized,8192,reused,large_single_suffix,read_suffix,5,43646,43906,65179,0,0,0,0
cursor,optimized,8192,reused,large_single_suffix,reset,5,30,40,50,0,0,0,0
cursor,optimized,8192,reused,large_single_suffix,write_read,5,1991417,2104078,2973832,0,0,0,0
cursor,optimized,8192,reused,multiqueue_bulk,random_read,5,16844660,18205825,20043651,0,0,0,0
cursor,optimized,8192,reused,multiqueue_bulk,reset,5,50,50,60,0,0,0,0
cursor,optimized,8192,reused,multiqueue_bulk,write,5,65839,66330,66881,0,0,0,0
cursor,optimized,8192,reused,multiqueue_last_interleave,reset,5,361,401,641,0,0,0,0
cursor,optimized,8192,reused,multiqueue_last_interleave,write_read,5,21774005,22191765,23284385,0,0,0,0
cursor,optimized,8192,reused,multiqueue_nonlast_interleave,reset,5,380,641,851,0,0,0,0
cursor,optimized,8192,reused,multiqueue_nonlast_interleave,write_read,5,21689918,22232667,23526842,0,0,0,0
cursor,optimized,8192,reused,random,random_read,5,47832279,49779050,53352116,0,0,0,0
cursor,optimized,8192,reused,random,reset,5,40,40,50,0,0,0,0
cursor,optimized,8192,reused,random,sequential_read,5,63546,64447,73251,0,0,0,0
cursor,optimized,8192,reused,random,write,5,37971127,38462288,42393535,0,0,0,0
cursor,optimized,8192,reused,reverse,random_read,5,43103468,44536842,48779380,0,0,0,0
cursor,optimized,8192,reused,reverse,reset,5,40,50,271,0,0,0,0
cursor,optimized,8192,reused,reverse,sequential_read,5,61673,62735,232321,0,0,0,0
cursor,optimized,8192,reused,reverse,write,5,70306,70667,77277,0,0,0,0
indexed,debug,32,cold,alternating_write_read,constructor,5,3586,3736,4467,37,0,3936,0
indexed,debug,32,cold,alternating_write_read,reset,5,150,170,310,0,0,0,0
indexed,debug,32,cold,alternating_write_read,write_read,5,10295,10826,30787,0,0,0,0
indexed,debug,32,cold,ascending,constructor,5,4337,4526,74302,37,0,3936,0
indexed,debug,32,cold,ascending,random_read,5,2114,2213,2464,0,0,0,0
indexed,debug,32,cold,ascending,reset,5,190,230,571,0,0,0,0
indexed,debug,32,cold,ascending,sequential_read,5,2464,2493,18047,0,0,0,0
indexed,debug,32,cold,ascending,write,5,2604,2795,38438,0,0,0,0
indexed,debug,32,cold,distinct_ids,constructor,5,3596,3796,3876,37,0,3936,0
indexed,debug,32,cold,distinct_ids,read,5,6109,6380,7381,0,0,0,0
indexed,debug,32,cold,distinct_ids,reset,5,170,180,211,0,0,0,0
indexed,debug,32,cold,distinct_ids,write,5,4066,4326,4617,0,0,0,0
indexed,debug,32,cold,large_multiqueue_suffix,constructor,5,3575,3596,3866,37,0,3936,0
indexed,debug,32,cold,large_multiqueue_suffix,prepare_suffix,5,2264,2434,2554,0,0,0,0
indexed,debug,32,cold,large_multiqueue_suffix,read_suffix,5,2383,2524,2704,0,0,0,0
indexed,debug,32,cold,large_multiqueue_suffix,reset,5,170,210,321,0,0,0,0
indexed,debug,32,cold,large_multiqueue_suffix,write_read,5,3706,3876,4457,0,0,0,0
indexed,debug,32,cold,large_single_suffix,constructor,5,3726,5268,5468,37,0,3936,0
indexed,debug,32,cold,large_single_suffix,prepare_suffix,5,2164,2463,3185,0,0,0,0
indexed,debug,32,cold,large_single_suffix,read_suffix,5,1743,2093,3345,0,0,0,0
indexed,debug,32,cold,large_single_suffix,reset,5,160,181,230,0,0,0,0
indexed,debug,32,cold,large_single_suffix,write_read,5,3365,3656,3745,0,0,0,0
indexed,debug,32,cold,multiqueue_bulk,constructor,5,3766,3836,9274,37,0,3936,0
indexed,debug,32,cold,multiqueue_bulk,random_read,5,2764,3205,3926,0,0,0,0
indexed,debug,32,cold,multiqueue_bulk,reset,5,161,211,301,0,0,0,0
indexed,debug,32,cold,multiqueue_bulk,write,5,2744,3114,4246,0,0,0,0
indexed,debug,32,cold,multiqueue_last_interleave,constructor,5,3676,3946,31477,37,0,3936,0
indexed,debug,32,cold,multiqueue_last_interleave,reset,5,160,200,251,0,0,0,0
indexed,debug,32,cold,multiqueue_last_interleave,write_read,5,11117,11318,13701,0,0,0,0
indexed,debug,32,cold,multiqueue_nonlast_interleave,constructor,5,3646,3795,3836,37,0,3936,0
indexed,debug,32,cold,multiqueue_nonlast_interleave,reset,5,180,210,651,0,0,0,0
indexed,debug,32,cold,multiqueue_nonlast_interleave,write_read,5,10696,10897,11056,0,0,0,0
indexed,debug,32,cold,random,constructor,5,3756,4728,6099,37,0,3936,0
indexed,debug,32,cold,random,random_read,5,2003,2074,2133,0,0,0,0
indexed,debug,32,cold,random,reset,5,161,271,280,0,0,0,0
indexed,debug,32,cold,random,sequential_read,5,2313,2424,2714,0,0,0,0
indexed,debug,32,cold,random,write,5,3916,4117,4577,0,0,0,0
indexed,debug,32,cold,reverse,constructor,5,3816,3856,4998,37,0,3936,0
indexed,debug,32,cold,reverse,random_read,5,2023,2053,51378,0,0,0,0
indexed,debug,32,cold,reverse,reset,5,180,250,320,0,0,0,0
indexed,debug,32,cold,reverse,sequential_read,5,2274,2353,2404,0,0,0,0
indexed,debug,32,cold,reverse,write,5,2744,2844,3224,0,0,0,0
indexed,debug,32,reused,alternating_write_read,reset,5,151,220,301,0,0,0,0
indexed,debug,32,reused,alternating_write_read,write_read,5,10045,10125,10235,0,0,0,0
indexed,debug,32,reused,ascending,random_read,5,2013,2073,2154,0,0,0,0
indexed,debug,32,reused,ascending,reset,5,150,200,320,0,0,0,0
indexed,debug,32,reused,ascending,sequential_read,5,2313,2324,3054,0,0,0,0
indexed,debug,32,reused,ascending,write,5,2453,2554,4186,0,0,0,0
indexed,debug,32,reused,distinct_ids,read,5,5748,5869,71568,0,0,0,0
indexed,debug,32,reused,distinct_ids,reset,5,170,180,241,0,0,0,0
indexed,debug,32,reused,distinct_ids,write,5,3616,4016,4197,0,0,0,0
indexed,debug,32,reused,large_multiqueue_suffix,prepare_suffix,5,2224,2303,2424,0,0,0,0
indexed,debug,32,reused,large_multiqueue_suffix,read_suffix,5,2373,2434,2534,0,0,0,0
indexed,debug,32,reused,large_multiqueue_suffix,reset,5,151,180,221,0,0,0,0
indexed,debug,32,reused,large_multiqueue_suffix,write_read,5,3586,3675,3725,0,0,0,0
indexed,debug,32,reused,large_single_suffix,prepare_suffix,5,2013,2104,2253,0,0,0,0
indexed,debug,32,reused,large_single_suffix,read_suffix,5,1593,1682,1853,0,0,0,0
indexed,debug,32,reused,large_single_suffix,reset,5,150,190,200,0,0,0,0
indexed,debug,32,reused,large_single_suffix,write_read,5,3135,3265,3405,0,0,0,0
indexed,debug,32,reused,multiqueue_bulk,random_read,5,2594,2664,2804,0,0,0,0
indexed,debug,32,reused,multiqueue_bulk,reset,5,160,220,220,0,0,0,0
indexed,debug,32,reused,multiqueue_bulk,write,5,2403,2634,2684,0,0,0,0
indexed,debug,32,reused,multiqueue_last_interleave,reset,5,160,170,231,0,0,0,0
indexed,debug,32,reused,multiqueue_last_interleave,write_read,5,10646,10816,10956,0,0,0,0
indexed,debug,32,reused,multiqueue_nonlast_interleave,reset,5,160,170,250,0,0,0,0
indexed,debug,32,reused,multiqueue_nonlast_interleave,write_read,5,10426,10525,86320,0,0,0,0
indexed,debug,32,reused,random,random_read,5,2013,2034,2093,0,0,0,0
indexed,debug,32,reused,random,reset,5,170,190,220,0,0,0,0
indexed,debug,32,reused,random,sequential_read,5,2293,2304,2334,0,0,0,0
indexed,debug,32,reused,random,write,5,3726,3785,3856,0,0,0,0
indexed,debug,32,reused,reverse,random_read,5,1993,2103,3936,0,0,0,0
indexed,debug,32,reused,reverse,reset,5,161,300,400,0,0,0,0
indexed,debug,32,reused,reverse,sequential_read,5,2253,2543,6199,0,0,0,0
indexed,debug,32,reused,reverse,write,5,2784,2875,5048,0,0,0,0
indexed,debug,128,cold,alternating_write_read,constructor,5,12088,12559,17316,133,0,15456,0
indexed,debug,128,cold,alternating_write_read,reset,5,230,291,321,0,0,0,0
indexed,debug,128,cold,alternating_write_read,write_read,5,77527,78369,124919,0,0,0,0
indexed,debug,128,cold,ascending,constructor,5,14712,15473,19419,133,0,15456,0
indexed,debug,128,cold,ascending,random_read,5,7511,7581,7601,0,0,0,0
indexed,debug,128,cold,ascending,reset,5,161,270,310,0,0,0,0
indexed,debug,128,cold,ascending,sequential_read,5,8483,8703,8974,0,0,0,0
indexed,debug,128,cold,ascending,write,5,9544,9595,9975,0,0,0,0
indexed,debug,128,cold,distinct_ids,constructor,5,12969,13190,13380,133,0,15456,0
indexed,debug,128,cold,distinct_ids,read,5,21843,22253,34782,0,0,0,0
indexed,debug,128,cold,distinct_ids,reset,5,251,290,320,0,0,0,0
indexed,debug,128,cold,distinct_ids,write,5,29484,29655,29725,0,0,0,0
indexed,debug,128,cold,large_multiqueue_suffix,constructor,5,12489,12659,16665,133,0,15456,0
indexed,debug,128,cold,large_multiqueue_suffix,prepare_suffix,5,7862,8153,8333,0,0,0,0
indexed,debug,128,cold,large_multiqueue_suffix,read_suffix,5,6099,6410,7862,0,0,0,0
indexed,debug,128,cold,large_multiqueue_suffix,reset,5,171,220,431,0,0,0,0
indexed,debug,128,cold,large_multiqueue_suffix,write_read,5,31778,32119,35984,0,0,0,0
indexed,debug,128,cold,large_single_suffix,constructor,5,12249,12729,16726,133,0,15456,0
indexed,debug,128,cold,large_single_suffix,prepare_suffix,5,7020,7461,7701,0,0,0,0
indexed,debug,128,cold,large_single_suffix,read_suffix,5,5578,6210,6490,0,0,0,0
indexed,debug,128,cold,large_single_suffix,reset,5,150,201,731,0,0,0,0
indexed,debug,128,cold,large_single_suffix,write_read,5,29454,29735,260684,0,0,0,0
indexed,debug,128,cold,multiqueue_bulk,constructor,5,12058,12929,17045,133,0,15456,0
indexed,debug,128,cold,multiqueue_bulk,random_read,5,8923,9054,9274,0,0,0,0
indexed,debug,128,cold,multiqueue_bulk,reset,5,170,201,231,0,0,0,0
indexed,debug,128,cold,multiqueue_bulk,write,5,9464,9705,10216,0,0,0,0
indexed,debug,128,cold,multiqueue_last_interleave,constructor,5,12319,12349,18498,133,0,15456,0
indexed,debug,128,cold,multiqueue_last_interleave,reset,5,211,260,391,0,0,0,0
indexed,debug,128,cold,multiqueue_last_interleave,write_read,5,82154,83436,96666,0,0,0,0
indexed,debug,128,cold,multiqueue_nonlast_interleave,constructor,5,12348,13060,14002,133,0,15456,0
indexed,debug,128,cold,multiqueue_nonlast_interleave,reset,5,231,271,291,0,0,0,0
indexed,debug,128,cold,multiqueue_nonlast_interleave,write_read,5,81152,81874,82023,0,0,0,0
indexed,debug,128,cold,random,constructor,5,12920,13330,19540,133,0,15456,0
indexed,debug,128,cold,random,random_read,5,7241,7311,7371,0,0,0,0
indexed,debug,128,cold,random,reset,5,190,210,270,0,0,0,0
indexed,debug,128,cold,random,sequential_read,5,8333,8463,8683,0,0,0,0
indexed,debug,128,cold,random,write,5,24187,24567,25518,0,0,0,0
indexed,debug,128,cold,reverse,constructor,5,13140,13270,40250,133,0,15456,0
indexed,debug,128,cold,reverse,random_read,5,7241,7361,12990,0,0,0,0
indexed,debug,128,cold,reverse,reset,5,220,290,481,0,0,0,0
indexed,debug,128,cold,reverse,sequential_read,5,8142,8392,14562,0,0,0,0
indexed,debug,128,cold,reverse,write,5,10195,10246,15363,0,0,0,0
indexed,debug,128,reused,alternating_write_read,reset,5,160,211,240,0,0,0,0
indexed,debug,128,reused,alternating_write_read,write_read,5,77337,77547,77807,0,0,0,0
indexed,debug,128,reused,ascending,random_read,5,7261,7361,7391,0,0,0,0
indexed,debug,128,reused,ascending,reset,5,160,240,250,0,0,0,0
indexed,debug,128,reused,ascending,sequential_read,5,8122,8193,8543,0,0,0,0
indexed,debug,128,reused,ascending,write,5,10185,10205,10335,0,0,0,0
indexed,debug,128,reused,distinct_ids,read,5,21443,21813,32660,0,0,0,0
indexed,debug,128,reused,distinct_ids,reset,5,150,180,380,0,0,0,0
indexed,debug,128,reused,distinct_ids,write,5,29154,29375,56015,0,0,0,0
indexed,debug,128,reused,large_multiqueue_suffix,prepare_suffix,5,7842,7972,11737,0,0,0,0
indexed,debug,128,reused,large_multiqueue_suffix,read_suffix,5,6209,6309,6480,0,0,0,0
indexed,debug,128,reused,large_multiqueue_suffix,reset,5,170,180,320,0,0,0,0
indexed,debug,128,reused,large_multiqueue_suffix,write_read,5,31518,31688,32008,0,0,0,0
indexed,debug,128,reused,large_single_suffix,prepare_suffix,5,7001,7181,7611,0,0,0,0
indexed,debug,128,reused,large_single_suffix,read_suffix,5,5288,5348,7011,0,0,0,0
indexed,debug,128,reused,large_single_suffix,reset,5,170,200,230,0,0,0,0
indexed,debug,128,reused,large_single_suffix,write_read,5,29164,29595,51378,0,0,0,0
indexed,debug,128,reused,multiqueue_bulk,random_read,5,8463,8573,8664,0,0,0,0
indexed,debug,128,reused,multiqueue_bulk,reset,5,160,170,200,0,0,0,0
indexed,debug,128,reused,multiqueue_bulk,write,5,9154,9314,21122,0,0,0,0
indexed,debug,128,reused,multiqueue_last_interleave,reset,5,191,231,250,0,0,0,0
indexed,debug,128,reused,multiqueue_last_interleave,write_read,5,81683,81904,112310,0,0,0,0
indexed,debug,128,reused,multiqueue_nonlast_interleave,reset,5,190,230,802,0,0,0,0
indexed,debug,128,reused,multiqueue_nonlast_interleave,write_read,5,80902,81524,1318371,0,0,0,0
indexed,debug,128,reused,random,random_read,5,7231,7271,31607,0,0,0,0
indexed,debug,128,reused,random,reset,5,171,200,271,0,0,0,0
indexed,debug,128,reused,random,sequential_read,5,8093,8322,8383,0,0,0,0
indexed,debug,128,reused,random,write,5,22634,24027,24327,0,0,0,0
indexed,debug,128,reused,reverse,random_read,5,7291,7351,9785,0,0,0,0
indexed,debug,128,reused,reverse,reset,5,190,280,911,0,0,0,0
indexed,debug,128,reused,reverse,sequential_read,5,8072,8452,182291,0,0,0,0
indexed,debug,128,reused,reverse,write,5,9905,15514,30897,0,0,0,0
indexed,debug,512,cold,alternating_write_read,constructor,5,46441,46610,47602,517,0,61536,0
indexed,debug,512,cold,alternating_write_read,reset,5,171,240,491,0,0,0,0
indexed,debug,512,cold,alternating_write_read,write_read,5,934220,935353,945558,0,0,0,0
indexed,debug,512,cold,ascending,constructor,5,56736,61473,115114,517,0,61536,0
indexed,debug,512,cold,ascending,random_read,5,28383,28473,28633,0,0,0,0
indexed,debug,512,cold,ascending,reset,5,280,311,391,0,0,0,0
indexed,debug,512,cold,ascending,sequential_read,5,31748,31818,32089,0,0,0,0
indexed,debug,512,cold,ascending,write,5,35734,36045,36355,0,0,0,0
indexed,debug,512,cold,distinct_ids,constructor,5,48664,51768,54433,517,0,61536,0
indexed,debug,512,cold,distinct_ids,read,5,84318,85409,85910,0,0,0,0
indexed,debug,512,cold,distinct_ids,reset,5,290,311,521,0,0,0,0
indexed,debug,512,cold,distinct_ids,write,5,334806,349799,350399,0,0,0,0
indexed,debug,512,cold,large_multiqueue_suffix,constructor,5,47993,49725,133121,517,0,61536,0
indexed,debug,512,cold,large_multiqueue_suffix,prepare_suffix,5,30657,30967,31167,0,0,0,0
indexed,debug,512,cold,large_multiqueue_suffix,read_suffix,5,20932,21192,21642,0,0,0,0
indexed,debug,512,cold,large_multiqueue_suffix,reset,5,310,411,491,0,0,0,0
indexed,debug,512,cold,large_multiqueue_suffix,write_read,5,393804,394716,439153,0,0,0,0
indexed,debug,512,cold,large_single_suffix,constructor,5,45528,45628,83195,517,0,61536,0
indexed,debug,512,cold,large_single_suffix,prepare_suffix,5,27231,27621,27832,0,0,0,0
indexed,debug,512,cold,large_single_suffix,read_suffix,5,20602,21162,21632,0,0,0,0
indexed,debug,512,cold,large_single_suffix,reset,5,270,361,551,0,0,0,0
indexed,debug,512,cold,large_single_suffix,write_read,5,385723,386774,532404,0,0,0,0
indexed,debug,512,cold,multiqueue_bulk,constructor,5,48914,51027,52439,517,0,61536,0
indexed,debug,512,cold,multiqueue_bulk,random_read,5,32199,32469,33050,0,0,0,0
indexed,debug,512,cold,multiqueue_bulk,reset,5,191,260,271,0,0,0,0
indexed,debug,512,cold,multiqueue_bulk,write,5,36384,36955,37446,0,0,0,0
indexed,debug,512,cold,multiqueue_last_interleave,constructor,5,45528,47252,74623,517,0,61536,0
indexed,debug,512,cold,multiqueue_last_interleave,reset,5,210,460,510,0,0,0,0
indexed,debug,512,cold,multiqueue_last_interleave,write_read,5,955483,1020130,1103987,0,0,0,0
indexed,debug,512,cold,multiqueue_nonlast_interleave,constructor,5,48233,51027,63636,517,0,61536,0
indexed,debug,512,cold,multiqueue_nonlast_interleave,reset,5,230,541,671,0,0,0,0
indexed,debug,512,cold,multiqueue_nonlast_interleave,write_read,5,978768,1030677,1217859,0,0,0,0
indexed,debug,512,cold,random,constructor,5,48674,50006,98619,517,0,61536,0
indexed,debug,512,cold,random,random_read,5,28282,28312,50927,0,0,0,0
indexed,debug,512,cold,random,reset,5,240,320,440,0,0,0,0
indexed,debug,512,cold,random,sequential_read,5,31448,31738,32299,0,0,0,0
indexed,debug,512,cold,random,write,5,248776,250448,321765,0,0,0,0
indexed,debug,512,cold,reverse,constructor,5,49464,49995,76316,517,0,61536,0
indexed,debug,512,cold,reverse,random_read,5,28162,28232,28313,0,0,0,0
indexed,debug,512,cold,reverse,reset,5,160,341,410,0,0,0,0
indexed,debug,512,cold,reverse,sequential_read,5,31367,31668,32018,0,0,0,0
indexed,debug,512,cold,reverse,write,5,39971,43176,67381,0,0,0,0
indexed,debug,512,reused,alternating_write_read,reset,5,190,450,862,0,0,0,0
indexed,debug,512,reused,alternating_write_read,write_read,5,936845,1056946,1522700,0,0,0,0
indexed,debug,512,reused,ascending,random_read,5,27972,28113,28433,0,0,0,0
indexed,debug,512,reused,ascending,reset,5,190,251,381,0,0,0,0
indexed,debug,512,reused,ascending,sequential_read,5,31377,31558,31608,0,0,0,0
indexed,debug,512,reused,ascending,write,5,35233,39900,48594,0,0,0,0
indexed,debug,512,reused,distinct_ids,read,5,84407,85088,148895,0,0,0,0
indexed,debug,512,reused,distinct_ids,reset,5,230,341,370,0,0,0,0
indexed,debug,512,reused,distinct_ids,write,5,334716,350059,372202,0,0,0,0
indexed,debug,512,reused,large_multiqueue_suffix,prepare_suffix,5,29674,30326,30386,0,0,0,0
indexed,debug,512,reused,large_multiqueue_suffix,read_suffix,5,20641,20912,21031,0,0,0,0
indexed,debug,512,reused,large_multiqueue_suffix,reset,5,231,381,401,0,0,0,0
indexed,debug,512,reused,large_multiqueue_suffix,write_read,5,393675,408247,445764,0,0,0,0
indexed,debug,512,reused,large_single_suffix,prepare_suffix,5,27242,27321,27652,0,0,0,0
indexed,debug,512,reused,large_single_suffix,read_suffix,5,19900,20101,138079,0,0,0,0
indexed,debug,512,reused,large_single_suffix,reset,5,371,541,631,0,0,0,0
indexed,debug,512,reused,large_single_suffix,write_read,5,398842,427726,773548,0,0,0,0
indexed,debug,512,reused,multiqueue_bulk,random_read,5,31688,31828,31968,0,0,0,0
indexed,debug,512,reused,multiqueue_bulk,reset,5,190,200,350,0,0,0,0
indexed,debug,512,reused,multiqueue_bulk,write,5,35865,36385,67151,0,0,0,0
indexed,debug,512,reused,multiqueue_last_interleave,reset,5,200,251,490,0,0,0,0
indexed,debug,512,reused,multiqueue_last_interleave,write_read,5,979560,999990,1143407,0,0,0,0
indexed,debug,512,reused,multiqueue_nonlast_interleave,reset,5,191,431,591,0,0,0,0
indexed,debug,512,reused,multiqueue_nonlast_interleave,write_read,5,954171,984947,1193652,0,0,0,0
indexed,debug,512,reused,random,random_read,5,28203,28323,28413,0,0,0,0
indexed,debug,512,reused,random,reset,5,210,250,611,0,0,0,0
indexed,debug,512,reused,random,sequential_read,5,31347,31537,35584,0,0,0,0
indexed,debug,512,reused,random,write,5,247624,250258,278411,0,0,0,0
indexed,debug,512,reused,reverse,random_read,5,28133,28173,28323,0,0,0,0
indexed,debug,512,reused,reverse,reset,5,200,231,431,0,0,0,0
indexed,debug,512,reused,reverse,sequential_read,5,31477,31497,64387,0,0,0,0
indexed,debug,512,reused,reverse,write,5,38939,39791,51438,0,0,0,0
indexed,debug,4096,cold,alternating_write_read,constructor,5,366844,370099,373053,4101,0,491616,0
indexed,debug,4096,cold,alternating_write_read,reset,5,2334,2394,3104,0,0,0,0
indexed,debug,4096,cold,alternating_write_read,write_read,5,58069269,59542274,66785994,0,0,0,0
indexed,debug,4096,cold,ascending,constructor,5,372983,373975,414416,4101,0,491616,0
indexed,debug,4096,cold,ascending,random_read,5,223298,224369,279332,0,0,0,0
indexed,debug,4096,cold,ascending,reset,5,331,430,601,0,0,0,0
indexed,debug,4096,cold,ascending,sequential_read,5,248445,265791,309758,0,0,0,0
indexed,debug,4096,cold,ascending,write,5,280203,280324,295146,0,0,0,0
indexed,debug,4096,cold,distinct_ids,constructor,5,365973,370930,495298,4101,0,491616,0
indexed,debug,4096,cold,distinct_ids,read,5,691174,695119,742492,0,0,0,0
indexed,debug,4096,cold,distinct_ids,reset,5,1201,1442,1613,0,0,0,0
indexed,debug,4096,cold,distinct_ids,write,5,20177533,20753583,20985844,0,0,0,0
indexed,debug,4096,cold,large_multiqueue_suffix,constructor,5,370930,387465,433285,4101,0,491616,0
indexed,debug,4096,cold,large_multiqueue_suffix,prepare_suffix,5,237058,237980,311691,0,0,0,0
indexed,debug,4096,cold,large_multiqueue_suffix,read_suffix,5,159851,161484,162655,0,0,0,0
indexed,debug,4096,cold,large_multiqueue_suffix,reset,5,932,1152,1572,0,0,0,0
indexed,debug,4096,cold,large_multiqueue_suffix,write_read,5,24690078,27100258,28496657,0,0,0,0
indexed,debug,4096,cold,large_single_suffix,constructor,5,359984,422378,588088,4101,0,491616,0
indexed,debug,4096,cold,large_single_suffix,prepare_suffix,5,213793,215025,302207,0,0,0,0
indexed,debug,4096,cold,large_single_suffix,read_suffix,5,159461,159801,187884,0,0,0,0
indexed,debug,4096,cold,large_single_suffix,reset,5,1071,1322,1442,0,0,0,0
indexed,debug,4096,cold,large_single_suffix,write_read,5,24186247,24500482,25794557,0,0,0,0
indexed,debug,4096,cold,multiqueue_bulk,constructor,5,369248,391111,411651,4101,0,491616,0
indexed,debug,4096,cold,multiqueue_bulk,random_read,5,249737,249907,251469,0,0,0,0
indexed,debug,4096,cold,multiqueue_bulk,reset,5,250,411,491,0,0,0,0
indexed,debug,4096,cold,multiqueue_bulk,write,5,283579,284189,304720,0,0,0,0
indexed,debug,4096,cold,multiqueue_last_interleave,constructor,5,371551,377961,437501,4101,0,491616,0
indexed,debug,4096,cold,multiqueue_last_interleave,reset,5,1963,2213,2383,0,0,0,0
indexed,debug,4096,cold,multiqueue_last_interleave,write_read,5,56152104,57303212,58364976,0,0,0,0
indexed,debug,4096,cold,multiqueue_nonlast_interleave,constructor,5,370219,385092,454196,4101,0,491616,0
indexed,debug,4096,cold,multiqueue_nonlast_interleave,reset,5,2554,2604,2774,0,0,0,0
indexed,debug,4096,cold,multiqueue_nonlast_interleave,write_read,5,55701072,58884270,66163294,0,0,0,0
indexed,debug,4096,cold,random,constructor,5,369739,392853,426744,4101,0,491616,0
indexed,debug,4096,cold,random,random_read,5,222886,225140,290198,0,0,0,0
indexed,debug,4096,cold,random,reset,5,732,911,1101,0,0,0,0
indexed,debug,4096,cold,random,sequential_read,5,252682,254254,259261,0,0,0,0
indexed,debug,4096,cold,random,write,5,15137421,15677717,16598879,0,0,0,0
indexed,debug,4096,cold,reverse,constructor,5,354075,357309,373694,4101,0,491616,0
indexed,debug,4096,cold,reverse,random_read,5,223288,223508,252982,0,0,0,0
indexed,debug,4096,cold,reverse,reset,5,411,561,671,0,0,0,0
indexed,debug,4096,cold,reverse,sequential_read,5,248976,250308,299422,0,0,0,0
indexed,debug,4096,cold,reverse,write,5,311801,335627,370269,0,0,0,0
indexed,debug,4096,reused,alternating_write_read,reset,5,2194,2654,2875,0,0,0,0
indexed,debug,4096,reused,alternating_write_read,write_read,5,56527761,57765400,61283744,0,0,0,0
indexed,debug,4096,reused,ascending,random_read,5,223167,224038,242867,0,0,0,0
indexed,debug,4096,reused,ascending,reset,5,280,401,530,0,0,0,0
indexed,debug,4096,reused,ascending,sequential_read,5,248466,248945,339904,0,0,0,0
indexed,debug,4096,reused,ascending,write,5,278381,315066,550442,0,0,0,0
indexed,debug,4096,reused,distinct_ids,read,5,675520,695771,1204299,0,0,0,0
indexed,debug,4096,reused,distinct_ids,reset,5,871,1472,3174,0,0,0,0
indexed,debug,4096,reused,distinct_ids,write,5,20157333,20967907,21180458,0,0,0,0
indexed,debug,4096,reused,large_multiqueue_suffix,prepare_suffix,5,235215,236668,237498,0,0,0,0
indexed,debug,4096,reused,large_multiqueue_suffix,read_suffix,5,162545,167523,198810,0,0,0,0
indexed,debug,4096,reused,large_multiqueue_suffix,reset,5,942,1192,1572,0,0,0,0
indexed,debug,4096,reused,large_multiqueue_suffix,write_read,5,24929260,25598810,26137124,0,0,0,0
indexed,debug,4096,reused,large_single_suffix,prepare_suffix,5,213232,214594,226332,0,0,0,0
indexed,debug,4096,reused,large_single_suffix,read_suffix,5,157428,161985,175164,0,0,0,0
indexed,debug,4096,reused,large_single_suffix,reset,5,731,1452,1653,0,0,0,0
indexed,debug,4096,reused,large_single_suffix,write_read,5,24000206,24699051,27333460,0,0,0,0
indexed,debug,4096,reused,multiqueue_bulk,random_read,5,247784,283408,728150,0,0,0,0
indexed,debug,4096,reused,multiqueue_bulk,reset,5,251,450,1001,0,0,0,0
indexed,debug,4096,reused,multiqueue_bulk,write,5,286983,288796,343199,0,0,0,0
indexed,debug,4096,reused,multiqueue_last_interleave,reset,5,2384,2523,2675,0,0,0,0
indexed,debug,4096,reused,multiqueue_last_interleave,write_read,5,57252926,58026134,63072745,0,0,0,0
indexed,debug,4096,reused,multiqueue_nonlast_interleave,reset,5,2173,2574,2904,0,0,0,0
indexed,debug,4096,reused,multiqueue_nonlast_interleave,write_read,5,55522363,57880054,60246447,0,0,0,0
indexed,debug,4096,reused,random,random_read,5,223257,238120,253803,0,0,0,0
indexed,debug,4096,reused,random,reset,5,611,872,911,0,0,0,0
indexed,debug,4096,reused,random,sequential_read,5,252982,255255,351651,0,0,0,0
indexed,debug,4096,reused,random,write,5,15227006,15642995,15834178,0,0,0,0
indexed,debug,4096,reused,reverse,random_read,5,223427,223928,236718,0,0,0,0
indexed,debug,4096,reused,reverse,reset,5,211,480,1051,0,0,0,0
indexed,debug,4096,reused,reverse,sequential_read,5,248575,282026,358051,0,0,0,0
indexed,debug,4096,reused,reverse,write,5,311421,363529,555289,0,0,0,0
indexed,debug,8192,cold,alternating_write_read,constructor,5,726036,743734,991397,8197,0,983136,0
indexed,debug,8192,cold,alternating_write_read,reset,5,2424,2784,2845,0,0,0,0
indexed,debug,8192,cold,alternating_write_read,write_read,5,226015820,232323869,236059777,0,0,0,0
indexed,debug,8192,cold,ascending,constructor,5,740198,752887,3210699,8197,0,983136,0
indexed,debug,8192,cold,ascending,random_read,5,447626,452744,537442,0,0,0,0
indexed,debug,8192,cold,ascending,reset,5,501,571,1052,0,0,0,0
indexed,debug,8192,cold,ascending,sequential_read,5,500135,511753,596741,0,0,0,0
indexed,debug,8192,cold,ascending,write,5,556150,558013,587828,0,0,0,0
indexed,debug,8192,cold,distinct_ids,constructor,5,724844,756612,944997,8197,0,983136,0
indexed,debug,8192,cold,distinct_ids,read,5,1370069,1418112,1495549,0,0,0,0
indexed,debug,8192,cold,distinct_ids,reset,5,1312,1483,1682,0,0,0,0
indexed,debug,8192,cold,distinct_ids,write,5,79150707,81480567,84129107,0,0,0,0
indexed,debug,8192,cold,large_multiqueue_suffix,constructor,5,740468,778095,807589,8197,0,983136,0
indexed,debug,8192,cold,large_multiqueue_suffix,prepare_suffix,5,469479,474887,682290,0,0,0,0
indexed,debug,8192,cold,large_multiqueue_suffix,read_suffix,5,317640,318111,539194,0,0,0,0
indexed,debug,8192,cold,large_multiqueue_suffix,reset,5,1282,1572,2073,0,0,0,0
indexed,debug,8192,cold,large_multiqueue_suffix,write_read,5,99627763,100789038,103552171,0,0,0,0
indexed,debug,8192,cold,large_single_suffix,constructor,5,709332,742822,1136526,8197,0,983136,0
indexed,debug,8192,cold,large_single_suffix,prepare_suffix,5,424772,430900,458062,0,0,0,0
indexed,debug,8192,cold,large_single_suffix,read_suffix,5,313103,315947,343489,0,0,0,0
indexed,debug,8192,cold,large_single_suffix,reset,5,1573,1632,17496,0,0,0,0
indexed,debug,8192,cold,large_single_suffix,write_read,5,97891242,100018763,108566744,0,0,0,0
indexed,debug,8192,cold,multiqueue_bulk,constructor,5,719827,820158,833649,8197,0,983136,0
indexed,debug,8192,cold,multiqueue_bulk,random_read,5,510911,512083,573246,0,0,0,0
indexed,debug,8192,cold,multiqueue_bulk,reset,5,270,531,621,0,0,0,0
indexed,debug,8192,cold,multiqueue_bulk,write,5,567748,572424,703873,0,0,0,0
indexed,debug,8192,cold,multiqueue_last_interleave,constructor,5,747098,812797,1140683,8197,0,983136,0
indexed,debug,8192,cold,multiqueue_last_interleave,reset,5,2254,2474,3144,0,0,0,0
indexed,debug,8192,cold,multiqueue_last_interleave,write_read,5,218391115,234663553,238357379,0,0,0,0
indexed,debug,8192,cold,multiqueue_nonlast_interleave,constructor,5,736673,765716,831986,8197,0,983136,0
indexed,debug,8192,cold,multiqueue_nonlast_interleave,reset,5,2273,2614,2904,0,0,0,0
indexed,debug,8192,cold,multiqueue_nonlast_interleave,write_read,5,229140054,241333176,254377694,0,0,0,0
indexed,debug,8192,cold,random,constructor,5,718075,770254,902773,8197,0,983136,0
indexed,debug,8192,cold,random,random_read,5,462188,503140,546986,0,0,0,0
indexed,debug,8192,cold,random,reset,5,891,1102,1332,0,0,0,0
indexed,debug,8192,cold,random,sequential_read,5,504191,552324,662160,0,0,0,0
indexed,debug,8192,cold,random,write,5,65957142,69096394,75412773,0,0,0,0
indexed,debug,8192,cold,reverse,constructor,5,718084,820359,1333864,8197,0,983136,0
indexed,debug,8192,cold,reverse,random_read,5,446224,491562,542720,0,0,0,0
indexed,debug,8192,cold,reverse,reset,5,421,611,771,0,0,0,0
indexed,debug,8192,cold,reverse,sequential_read,5,523010,566686,685245,0,0,0,0
indexed,debug,8192,cold,reverse,write,5,618915,636050,765476,0,0,0,0
indexed,debug,8192,reused,alternating_write_read,reset,5,2474,2784,8603,0,0,0,0
indexed,debug,8192,reused,alternating_write_read,write_read,5,229017203,231009675,286147467,0,0,0,0
indexed,debug,8192,reused,ascending,random_read,5,445052,464292,507937,0,0,0,0
indexed,debug,8192,reused,ascending,reset,5,411,521,661,0,0,0,0
indexed,debug,8192,reused,ascending,sequential_read,5,513476,540947,750083,0,0,0,0
indexed,debug,8192,reused,ascending,write,5,609391,615209,665976,0,0,0,0
indexed,debug,8192,reused,distinct_ids,read,5,1374385,1435137,1496009,0,0,0,0
indexed,debug,8192,reused,distinct_ids,reset,5,1412,1463,1662,0,0,0,0
indexed,debug,8192,reused,distinct_ids,write,5,78977375,80141574,83748491,0,0,0,0
indexed,debug,8192,reused,large_multiqueue_suffix,prepare_suffix,5,465243,471702,507356,0,0,0,0
indexed,debug,8192,reused,large_multiqueue_suffix,read_suffix,5,317439,318250,413935,0,0,0,0
indexed,debug,8192,reused,large_multiqueue_suffix,reset,5,1362,1583,1753,0,0,0,0
indexed,debug,8192,reused,large_multiqueue_suffix,write_read,5,100067407,102707024,107989502,0,0,0,0
indexed,debug,8192,reused,large_single_suffix,prepare_suffix,5,425783,438212,470761,0,0,0,0
indexed,debug,8192,reused,large_single_suffix,read_suffix,5,314955,327384,352913,0,0,0,0
indexed,debug,8192,reused,large_single_suffix,reset,5,1522,1553,1762,0,0,0,0
indexed,debug,8192,reused,large_single_suffix,write_read,5,98282221,100111704,111496208,0,0,0,0
indexed,debug,8192,reused,multiqueue_bulk,random_read,5,509610,531212,592224,0,0,0,0
indexed,debug,8192,reused,multiqueue_bulk,reset,5,220,341,521,0,0,0,0
indexed,debug,8192,reused,multiqueue_bulk,write,5,567196,575509,666898,0,0,0,0
indexed,debug,8192,reused,multiqueue_last_interleave,reset,5,2314,2443,3184,0,0,0,0
indexed,debug,8192,reused,multiqueue_last_interleave,write_read,5,220355712,231740358,244648911,0,0,0,0
indexed,debug,8192,reused,multiqueue_nonlast_interleave,reset,5,2133,2544,3075,0,0,0,0
indexed,debug,8192,reused,multiqueue_nonlast_interleave,write_read,5,228034699,230485343,236127825,0,0,0,0
indexed,debug,8192,reused,random,random_read,5,448788,464892,665125,0,0,0,0
indexed,debug,8192,reused,random,reset,5,861,951,1492,0,0,0,0
indexed,debug,8192,reused,random,sequential_read,5,506505,508979,709962,0,0,0,0
indexed,debug,8192,reused,random,write,5,64200729,66926125,67978835,0,0,0,0
indexed,debug,8192,reused,reverse,random_read,5,446134,469630,634368,0,0,0,0
indexed,debug,8192,reused,reverse,reset,5,230,550,661,0,0,0,0
indexed,debug,8192,reused,reverse,sequential_read,5,511923,519274,580136,0,0,0,0
indexed,debug,8192,reused,reverse,write,5,616571,633207,669661,0,0,0,0
indexed,optimized,32,cold,alternating_write_read,constructor,5,541,571,701,37,0,3936,0
indexed,optimized,32,cold,alternating_write_read,reset,5,30,30,50,0,0,0,0
indexed,optimized,32,cold,alternating_write_read,write_read,5,1402,1442,1603,0,0,0,0
indexed,optimized,32,cold,ascending,constructor,5,1252,1322,11026,37,0,3936,0
indexed,optimized,32,cold,ascending,random_read,5,290,291,331,0,0,0,0
indexed,optimized,32,cold,ascending,reset,5,30,30,50,0,0,0,0
indexed,optimized,32,cold,ascending,sequential_read,5,351,361,1172,0,0,0,0
indexed,optimized,32,cold,ascending,write,5,321,331,1382,0,0,0,0
indexed,optimized,32,cold,distinct_ids,constructor,5,621,732,892,37,0,3936,0
indexed,optimized,32,cold,distinct_ids,read,5,651,691,1041,0,0,0,0
indexed,optimized,32,cold,distinct_ids,reset,5,30,30,40,0,0,0,0
indexed,optimized,32,cold,distinct_ids,write,5,481,732,832,0,0,0,0
indexed,optimized,32,cold,large_multiqueue_suffix,constructor,5,561,621,731,37,0,3936,0
indexed,optimized,32,cold,large_multiqueue_suffix,prepare_suffix,5,270,281,541,0,0,0,0
indexed,optimized,32,cold,large_multiqueue_suffix,read_suffix,5,301,321,341,0,0,0,0
indexed,optimized,32,cold,large_multiqueue_suffix,reset,5,30,30,30,0,0,0,0
indexed,optimized,32,cold,large_multiqueue_suffix,write_read,5,360,401,541,0,0,0,0
indexed,optimized,32,cold,large_single_suffix,constructor,5,640,751,2864,37,0,3936,0
indexed,optimized,32,cold,large_single_suffix,prepare_suffix,5,270,290,341,0,0,0,0
indexed,optimized,32,cold,large_single_suffix,read_suffix,5,240,260,350,0,0,0,0
indexed,optimized,32,cold,large_single_suffix,reset,5,30,40,50,0,0,0,0
indexed,optimized,32,cold,large_single_suffix,write_read,5,471,501,621,0,0,0,0
indexed,optimized,32,cold,multiqueue_bulk,constructor,5,580,771,831,37,0,3936,0
indexed,optimized,32,cold,multiqueue_bulk,random_read,5,360,411,581,0,0,0,0
indexed,optimized,32,cold,multiqueue_bulk,reset,5,30,30,40,0,0,0,0
indexed,optimized,32,cold,multiqueue_bulk,write,5,301,310,431,0,0,0,0
indexed,optimized,32,cold,multiqueue_last_interleave,constructor,5,681,832,2224,37,0,3936,0
indexed,optimized,32,cold,multiqueue_last_interleave,reset,5,30,30,41,0,0,0,0
indexed,optimized,32,cold,multiqueue_last_interleave,write_read,5,1432,1512,1772,0,0,0,0
indexed,optimized,32,cold,multiqueue_nonlast_interleave,constructor,5,631,772,921,37,0,3936,0
indexed,optimized,32,cold,multiqueue_nonlast_interleave,reset,5,30,30,40,0,0,0,0
indexed,optimized,32,cold,multiqueue_nonlast_interleave,write_read,5,1282,1443,1473,0,0,0,0
indexed,optimized,32,cold,random,constructor,5,702,761,791,37,0,3936,0
indexed,optimized,32,cold,random,random_read,5,281,301,310,0,0,0,0
indexed,optimized,32,cold,random,reset,5,30,30,40,0,0,0,0
indexed,optimized,32,cold,random,sequential_read,5,331,341,371,0,0,0,0
indexed,optimized,32,cold,random,write,5,1091,1201,1252,0,0,0,0
indexed,optimized,32,cold,reverse,constructor,5,761,841,982,37,0,3936,0
indexed,optimized,32,cold,reverse,random_read,5,281,290,310,0,0,0,0
indexed,optimized,32,cold,reverse,reset,5,30,30,40,0,0,0,0
indexed,optimized,32,cold,reverse,sequential_read,5,331,340,381,0,0,0,0
indexed,optimized,32,cold,reverse,write,5,370,380,401,0,0,0,0
indexed,optimized,32,reused,alternating_write_read,reset,5,30,30,40,0,0,0,0
indexed,optimized,32,reused,alternating_write_read,write_read,5,1352,1393,1512,0,0,0,0
indexed,optimized,32,reused,ascending,random_read,5,280,291,310,0,0,0,0
indexed,optimized,32,reused,ascending,reset,5,30,30,30,0,0,0,0
indexed,optimized,32,reused,ascending,sequential_read,5,340,341,381,0,0,0,0
indexed,optimized,32,reused,ascending,write,5,330,330,341,0,0,0,0
indexed,optimized,32,reused,distinct_ids,read,5,611,701,711,0,0,0,0
indexed,optimized,32,reused,distinct_ids,reset,5,30,31,40,0,0,0,0
indexed,optimized,32,reused,distinct_ids,write,5,431,580,641,0,0,0,0
indexed,optimized,32,reused,large_multiqueue_suffix,prepare_suffix,5,260,270,411,0,0,0,0
indexed,optimized,32,reused,large_multiqueue_suffix,read_suffix,5,280,340,341,0,0,0,0
indexed,optimized,32,reused,large_multiqueue_suffix,reset,5,30,30,30,0,0,0,0
indexed,optimized,32,reused,large_multiqueue_suffix,write_read,5,351,381,461,0,0,0,0
indexed,optimized,32,reused,large_single_suffix,prepare_suffix,5,251,270,371,0,0,0,0
indexed,optimized,32,reused,large_single_suffix,read_suffix,5,220,240,270,0,0,0,0
indexed,optimized,32,reused,large_single_suffix,reset,5,30,30,40,0,0,0,0
indexed,optimized,32,reused,large_single_suffix,write_read,5,440,451,491,0,0,0,0
indexed,optimized,32,reused,multiqueue_bulk,random_read,5,351,421,441,0,0,0,0
indexed,optimized,32,reused,multiqueue_bulk,reset,5,30,30,40,0,0,0,0
indexed,optimized,32,reused,multiqueue_bulk,write,5,281,291,341,0,0,0,0
indexed,optimized,32,reused,multiqueue_last_interleave,reset,5,30,30,30,0,0,0,0
indexed,optimized,32,reused,multiqueue_last_interleave,write_read,5,1392,1432,1512,0,0,0,0
indexed,optimized,32,reused,multiqueue_nonlast_interleave,reset,5,30,30,30,0,0,0,0
indexed,optimized,32,reused,multiqueue_nonlast_interleave,write_read,5,1272,1322,1352,0,0,0,0
indexed,optimized,32,reused,random,random_read,5,280,290,300,0,0,0,0
indexed,optimized,32,reused,random,reset,5,30,30,30,0,0,0,0
indexed,optimized,32,reused,random,sequential_read,5,340,351,351,0,0,0,0
indexed,optimized,32,reused,random,write,5,671,961,1212,0,0,0,0
indexed,optimized,32,reused,reverse,random_read,5,281,300,301,0,0,0,0
indexed,optimized,32,reused,reverse,reset,5,30,30,30,0,0,0,0
indexed,optimized,32,reused,reverse,sequential_read,5,340,341,360,0,0,0,0
indexed,optimized,32,reused,reverse,write,5,340,350,380,0,0,0,0
indexed,optimized,128,cold,alternating_write_read,constructor,5,2243,2283,2544,133,0,15456,0
indexed,optimized,128,cold,alternating_write_read,reset,5,30,40,40,0,0,0,0
indexed,optimized,128,cold,alternating_write_read,write_read,5,16845,17075,30877,0,0,0,0
indexed,optimized,128,cold,ascending,constructor,5,4627,4767,6330,133,0,15456,0
indexed,optimized,128,cold,ascending,random_read,5,1011,1052,25819,0,0,0,0
indexed,optimized,128,cold,ascending,reset,5,30,30,40,0,0,0,0
indexed,optimized,128,cold,ascending,sequential_read,5,1292,1322,1352,0,0,0,0
indexed,optimized,128,cold,ascending,write,5,1082,1111,1142,0,0,0,0
indexed,optimized,128,cold,distinct_ids,constructor,5,2874,3065,3085,133,0,15456,0
indexed,optimized,128,cold,distinct_ids,read,5,2493,2674,2744,0,0,0,0
indexed,optimized,128,cold,distinct_ids,reset,5,30,30,50,0,0,0,0
indexed,optimized,128,cold,distinct_ids,write,5,4057,4176,4297,0,0,0,0
indexed,optimized,128,cold,large_multiqueue_suffix,constructor,5,2194,2213,2654,133,0,15456,0
indexed,optimized,128,cold,large_multiqueue_suffix,prepare_suffix,5,922,951,1112,0,0,0,0
indexed,optimized,128,cold,large_multiqueue_suffix,read_suffix,5,841,892,1032,0,0,0,0
indexed,optimized,128,cold,large_multiqueue_suffix,reset,5,30,30,30,0,0,0,0
indexed,optimized,128,cold,large_multiqueue_suffix,write_read,5,4186,4236,4236,0,0,0,0
indexed,optimized,128,cold,large_single_suffix,constructor,5,2164,2443,6099,133,0,15456,0
indexed,optimized,128,cold,large_single_suffix,prepare_suffix,5,871,911,962,0,0,0,0
indexed,optimized,128,cold,large_single_suffix,read_suffix,5,781,802,931,0,0,0,0
indexed,optimized,128,cold,large_single_suffix,reset,5,30,30,40,0,0,0,0
indexed,optimized,128,cold,large_single_suffix,write_read,5,6690,6790,6920,0,0,0,0
indexed,optimized,128,cold,multiqueue_bulk,constructor,5,2113,2765,3004,133,0,15456,0
indexed,optimized,128,cold,multiqueue_bulk,random_read,5,1282,1382,1533,0,0,0,0
indexed,optimized,128,cold,multiqueue_bulk,reset,5,30,30,41,0,0,0,0
indexed,optimized,128,cold,multiqueue_bulk,write,5,1061,1062,1181,0,0,0,0
indexed,optimized,128,cold,multiqueue_last_interleave,constructor,5,2074,2153,6700,133,0,15456,0
indexed,optimized,128,cold,multiqueue_last_interleave,reset,5,30,40,50,0,0,0,0
indexed,optimized,128,cold,multiqueue_last_interleave,write_read,5,17246,17346,17626,0,0,0,0
indexed,optimized,128,cold,multiqueue_nonlast_interleave,constructor,5,2213,2834,3095,133,0,15456,0
indexed,optimized,128,cold,multiqueue_nonlast_interleave,reset,5,30,30,40,0,0,0,0
indexed,optimized,128,cold,multiqueue_nonlast_interleave,write_read,5,16835,16865,16945,0,0,0,0
indexed,optimized,128,cold,random,constructor,5,2784,3024,3175,133,0,15456,0
indexed,optimized,128,cold,random,random_read,5,1031,1051,1072,0,0,0,0
indexed,optimized,128,cold,random,reset,5,30,30,30,0,0,0,0
indexed,optimized,128,cold,random,sequential_read,5,1282,1292,1332,0,0,0,0
indexed,optimized,128,cold,random,write,5,8703,9134,9204,0,0,0,0
indexed,optimized,128,cold,reverse,constructor,5,3094,3125,3235,133,0,15456,0
indexed,optimized,128,cold,reverse,random_read,5,1031,1051,1062,0,0,0,0
indexed,optimized,128,cold,reverse,reset,5,30,30,40,0,0,0,0
indexed,optimized,128,cold,reverse,sequential_read,5,1262,1262,1272,0,0,0,0
indexed,optimized,128,cold,reverse,write,5,1152,1162,1192,0,0,0,0
indexed,optimized,128,reused,alternating_write_read,reset,5,30,30,31,0,0,0,0
indexed,optimized,128,reused,alternating_write_read,write_read,5,16815,16875,20020,0,0,0,0
indexed,optimized,128,reused,ascending,random_read,5,1032,1041,1072,0,0,0,0
indexed,optimized,128,reused,ascending,reset,5,30,30,30,0,0,0,0
indexed,optimized,128,reused,ascending,sequential_read,5,1272,1312,1362,0,0,0,0
indexed,optimized,128,reused,ascending,write,5,1072,1101,1121,0,0,0,0
indexed,optimized,128,reused,distinct_ids,read,5,2303,2614,2654,0,0,0,0
indexed,optimized,128,reused,distinct_ids,reset,5,30,30,40,0,0,0,0
indexed,optimized,128,reused,distinct_ids,write,5,3996,4066,4076,0,0,0,0
indexed,optimized,128,reused,large_multiqueue_suffix,prepare_suffix,5,921,961,981,0,0,0,0
indexed,optimized,128,reused,large_multiqueue_suffix,read_suffix,5,831,891,921,0,0,0,0
indexed,optimized,128,reused,large_multiqueue_suffix,reset,5,30,30,30,0,0,0,0
indexed,optimized,128,reused,large_multiqueue_suffix,write_read,5,4036,4166,4217,0,0,0,0
indexed,optimized,128,reused,large_single_suffix,prepare_suffix,5,852,871,931,0,0,0,0
indexed,optimized,128,reused,large_single_suffix,read_suffix,5,771,791,811,0,0,0,0
indexed,optimized,128,reused,large_single_suffix,reset,5,30,30,30,0,0,0,0
indexed,optimized,128,reused,large_single_suffix,write_read,5,6630,6640,6690,0,0,0,0
indexed,optimized,128,reused,multiqueue_bulk,random_read,5,1262,1292,1322,0,0,0,0
indexed,optimized,128,reused,multiqueue_bulk,reset,5,30,40,40,0,0,0,0
indexed,optimized,128,reused,multiqueue_bulk,write,5,1042,1051,1091,0,0,0,0
indexed,optimized,128,reused,multiqueue_last_interleave,reset,5,30,30,40,0,0,0,0
indexed,optimized,128,reused,multiqueue_last_interleave,write_read,5,17286,17306,17416,0,0,0,0
indexed,optimized,128,reused,multiqueue_nonlast_interleave,reset,5,30,30,40,0,0,0,0
indexed,optimized,128,reused,multiqueue_nonlast_interleave,write_read,5,16715,16805,17196,0,0,0,0
indexed,optimized,128,reused,random,random_read,5,1031,1041,1102,0,0,0,0
indexed,optimized,128,reused,random,reset,5,30,30,31,0,0,0,0
indexed,optimized,128,reused,random,sequential_read,5,1272,1292,1362,0,0,0,0
indexed,optimized,128,reused,random,write,5,7381,8773,9274,0,0,0,0
indexed,optimized,128,reused,reverse,random_read,5,1021,1032,1071,0,0,0,0
indexed,optimized,128,reused,reverse,reset,5,30,30,40,0,0,0,0
indexed,optimized,128,reused,reverse,sequential_read,5,1252,1281,1322,0,0,0,0
indexed,optimized,128,reused,reverse,write,5,1121,1141,1152,0,0,0,0
indexed,optimized,512,cold,alternating_write_read,constructor,5,8163,8383,8513,517,0,61536,0
indexed,optimized,512,cold,alternating_write_read,reset,5,30,41,200,0,0,0,0
indexed,optimized,512,cold,alternating_write_read,write_read,5,254615,265130,271830,0,0,0,0
indexed,optimized,512,cold,ascending,constructor,5,17697,17787,18297,517,0,61536,0
indexed,optimized,512,cold,ascending,random_read,5,4056,4066,4096,0,0,0,0
indexed,optimized,512,cold,ascending,reset,5,30,30,30,0,0,0,0
indexed,optimized,512,cold,ascending,sequential_read,5,5027,5028,17797,0,0,0,0
indexed,optimized,512,cold,ascending,write,5,4166,4196,4246,0,0,0,0
indexed,optimized,512,cold,distinct_ids,constructor,5,10386,11598,12659,517,0,61536,0
indexed,optimized,512,cold,distinct_ids,read,5,10015,10296,10696,0,0,0,0
indexed,optimized,512,cold,distinct_ids,reset,5,40,50,50,0,0,0,0
indexed,optimized,512,cold,distinct_ids,write,5,43256,43466,76976,0,0,0,0
indexed,optimized,512,cold,large_multiqueue_suffix,constructor,5,8232,8443,8503,517,0,61536,0
indexed,optimized,512,cold,large_multiqueue_suffix,prepare_suffix,5,3605,3655,3706,0,0,0,0
indexed,optimized,512,cold,large_multiqueue_suffix,read_suffix,5,3054,3075,3124,0,0,0,0
indexed,optimized,512,cold,large_multiqueue_suffix,reset,5,30,30,30,0,0,0,0
indexed,optimized,512,cold,large_multiqueue_suffix,write_read,5,93131,93421,106340,0,0,0,0
indexed,optimized,512,cold,large_single_suffix,constructor,5,7942,8683,29995,517,0,61536,0
indexed,optimized,512,cold,large_single_suffix,prepare_suffix,5,3365,3375,3445,0,0,0,0
indexed,optimized,512,cold,large_single_suffix,read_suffix,5,2954,2995,3095,0,0,0,0
indexed,optimized,512,cold,large_single_suffix,reset,5,30,30,50,0,0,0,0
indexed,optimized,512,cold,large_single_suffix,write_read,5,108133,108323,108434,0,0,0,0
indexed,optimized,512,cold,multiqueue_bulk,constructor,5,8143,11056,20711,517,0,61536,0
indexed,optimized,512,cold,multiqueue_bulk,random_read,5,5168,5188,21332,0,0,0,0
indexed,optimized,512,cold,multiqueue_bulk,reset,5,30,30,41,0,0,0,0
indexed,optimized,512,cold,multiqueue_bulk,write,5,4127,4136,4146,0,0,0,0
indexed,optimized,512,cold,multiqueue_last_interleave,constructor,5,7131,7411,28112,517,0,61536,0
indexed,optimized,512,cold,multiqueue_last_interleave,reset,5,30,31,150,0,0,0,0
indexed,optimized,512,cold,multiqueue_last_interleave,write_read,5,256187,269597,294965,0,0,0,0
indexed,optimized,512,cold,multiqueue_nonlast_interleave,constructor,5,8342,11097,11618,517,0,61536,0
indexed,optimized,512,cold,multiqueue_nonlast_interleave,reset,5,30,40,50,0,0,0,0
indexed,optimized,512,cold,multiqueue_nonlast_interleave,write_read,5,253573,267504,288525,0,0,0,0
indexed,optimized,512,cold,random,constructor,5,10646,11337,11477,517,0,61536,0
indexed,optimized,512,cold,random,random_read,5,3996,4006,4016,0,0,0,0
indexed,optimized,512,cold,random,reset,5,30,30,40,0,0,0,0
indexed,optimized,512,cold,random,sequential_read,5,5168,5188,5268,0,0,0,0
indexed,optimized,512,cold,random,write,5,116296,116817,129977,0,0,0,0
indexed,optimized,512,cold,reverse,constructor,5,10766,11447,11547,517,0,61536,0
indexed,optimized,512,cold,reverse,random_read,5,4006,4076,4086,0,0,0,0
indexed,optimized,512,cold,reverse,reset,5,30,30,30,0,0,0,0
indexed,optimized,512,cold,reverse,sequential_read,5,4977,4978,4988,0,0,0,0
indexed,optimized,512,cold,reverse,write,5,4427,4446,4466,0,0,0,0
indexed,optimized,512,reused,alternating_write_read,reset,5,30,30,40,0,0,0,0
indexed,optimized,512,reused,alternating_write_read,write_read,5,254444,254475,268446,0,0,0,0
indexed,optimized,512,reused,ascending,random_read,5,4027,4057,4106,0,0,0,0
indexed,optimized,512,reused,ascending,reset,5,30,30,40,0,0,0,0
indexed,optimized,512,reused,ascending,sequential_read,5,4947,4957,4998,0,0,0,0
indexed,optimized,512,reused,ascending,write,5,4126,4177,4266,0,0,0,0
indexed,optimized,512,reused,distinct_ids,read,5,9845,10225,10355,0,0,0,0
indexed,optimized,512,reused,distinct_ids,reset,5,30,30,30,0,0,0,0
indexed,optimized,512,reused,distinct_ids,write,5,43135,43426,76946,0,0,0,0
indexed,optimized,512,reused,large_multiqueue_suffix,prepare_suffix,5,3585,3586,3606,0,0,0,0
indexed,optimized,512,reused,large_multiqueue_suffix,read_suffix,5,3004,3015,3204,0,0,0,0
indexed,optimized,512,reused,large_multiqueue_suffix,reset,5,30,30,40,0,0,0,0
indexed,optimized,512,reused,large_multiqueue_suffix,write_read,5,92941,93101,116716,0,0,0,0
indexed,optimized,512,reused,large_single_suffix,prepare_suffix,5,3335,3355,3435,0,0,0,0
indexed,optimized,512,reused,large_single_suffix,read_suffix,5,2894,2925,3025,0,0,0,0
indexed,optimized,512,reused,large_single_suffix,reset,5,30,30,30,0,0,0,0
indexed,optimized,512,reused,large_single_suffix,write_read,5,108163,108624,121333,0,0,0,0
indexed,optimized,512,reused,multiqueue_bulk,random_read,5,5058,5068,5088,0,0,0,0
indexed,optimized,512,reused,multiqueue_bulk,reset,5,30,30,30,0,0,0,0
indexed,optimized,512,reused,multiqueue_bulk,write,5,4096,4096,14872,0,0,0,0
indexed,optimized,512,reused,multiqueue_last_interleave,reset,5,30,30,40,0,0,0,0
indexed,optimized,512,reused,multiqueue_last_interleave,write_read,5,255917,256097,267925,0,0,0,0
indexed,optimized,512,reused,multiqueue_nonlast_interleave,reset,5,30,30,30,0,0,0,0
indexed,optimized,512,reused,multiqueue_nonlast_interleave,write_read,5,253363,253403,267975,0,0,0,0
indexed,optimized,512,reused,random,random_read,5,3996,4016,4036,0,0,0,0
indexed,optimized,512,reused,random,reset,5,30,30,30,0,0,0,0
indexed,optimized,512,reused,random,sequential_read,5,5138,5178,5468,0,0,0,0
indexed,optimized,512,reused,random,write,5,116266,116526,116886,0,0,0,0
indexed,optimized,512,reused,reverse,random_read,5,4016,4036,4057,0,0,0,0
indexed,optimized,512,reused,reverse,reset,5,30,30,30,0,0,0,0
indexed,optimized,512,reused,reverse,sequential_read,5,4928,4947,5038,0,0,0,0
indexed,optimized,512,reused,reverse,write,5,4386,4397,4417,0,0,0,0
indexed,optimized,4096,cold,alternating_write_read,constructor,5,60321,63356,116836,4101,0,491616,0
indexed,optimized,4096,cold,alternating_write_read,reset,5,131,241,540,0,0,0,0
indexed,optimized,4096,cold,alternating_write_read,write_read,5,17447436,17735191,18363719,0,0,0,0
indexed,optimized,4096,cold,ascending,constructor,5,67672,69335,69975,4101,0,491616,0
indexed,optimized,4096,cold,ascending,random_read,5,32359,32429,32459,0,0,0,0
indexed,optimized,4096,cold,ascending,reset,5,40,50,51,0,0,0,0
indexed,optimized,4096,cold,ascending,sequential_read,5,39850,40010,40331,0,0,0,0
indexed,optimized,4096,cold,ascending,write,5,33210,33240,33541,0,0,0,0
indexed,optimized,4096,cold,distinct_ids,constructor,5,60011,60772,61382,4101,0,491616,0
indexed,optimized,4096,cold,distinct_ids,read,5,80812,81684,82354,0,0,0,0
indexed,optimized,4096,cold,distinct_ids,reset,5,50,100,321,0,0,0,0
indexed,optimized,4096,cold,distinct_ids,write,5,2945808,2992348,3182145,0,0,0,0
indexed,optimized,4096,cold,large_multiqueue_suffix,constructor,5,60221,63415,64066,4101,0,491616,0
indexed,optimized,4096,cold,large_multiqueue_suffix,prepare_suffix,5,28963,28983,29184,0,0,0,0
indexed,optimized,4096,cold,large_multiqueue_suffix,read_suffix,5,24607,24898,28362,0,0,0,0
indexed,optimized,4096,cold,large_multiqueue_suffix,reset,5,40,40,481,0,0,0,0
indexed,optimized,4096,cold,large_multiqueue_suffix,write_read,5,11049245,11116165,11835522,0,0,0,0
indexed,optimized,4096,cold,large_single_suffix,constructor,5,66210,68824,120713,4101,0,491616,0
indexed,optimized,4096,cold,large_single_suffix,prepare_suffix,5,26880,27642,105229,0,0,0,0
indexed,optimized,4096,cold,large_single_suffix,read_suffix,5,23485,23936,24387,0,0,0,0
indexed,optimized,4096,cold,large_single_suffix,reset,5,40,50,51,0,0,0,0
indexed,optimized,4096,cold,large_single_suffix,write_read,5,7258350,7553386,7932804,0,0,0,0
indexed,optimized,4096,cold,multiqueue_bulk,constructor,5,61433,63906,104387,4101,0,491616,0
indexed,optimized,4096,cold,multiqueue_bulk,random_read,5,42133,42174,42203,0,0,0,0
indexed,optimized,4096,cold,multiqueue_bulk,reset,5,30,30,50,0,0,0,0
indexed,optimized,4096,cold,multiqueue_bulk,write,5,33310,33421,33620,0,0,0,0
indexed,optimized,4096,cold,multiqueue_last_interleave,constructor,5,66630,67441,104487,4101,0,491616,0
indexed,optimized,4096,cold,multiqueue_last_interleave,reset,5,111,140,210,0,0,0,0
indexed,optimized,4096,cold,multiqueue_last_interleave,write_read,5,16789212,17025539,17462098,0,0,0,0
indexed,optimized,4096,cold,multiqueue_nonlast_interleave,constructor,5,62565,63465,63726,4101,0,491616,0
indexed,optimized,4096,cold,multiqueue_nonlast_interleave,reset,5,200,241,451,0,0,0,0
indexed,optimized,4096,cold,multiqueue_nonlast_interleave,write_read,5,16878576,17238390,17786578,0,0,0,0
indexed,optimized,4096,cold,random,constructor,5,55113,55303,55574,4101,0,491616,0
indexed,optimized,4096,cold,random,random_read,5,31939,31978,32018,0,0,0,0
indexed,optimized,4096,cold,random,reset,5,30,40,40,0,0,0,0
indexed,optimized,4096,cold,random,sequential_read,5,41052,41222,41843,0,0,0,0
indexed,optimized,4096,cold,random,write,5,8064748,8513686,8679166,0,0,0,0
indexed,optimized,4096,cold,reverse,constructor,5,55153,55514,72580,4101,0,491616,0
indexed,optimized,4096,cold,reverse,random_read,5,32038,32089,32879,0,0,0,0
indexed,optimized,4096,cold,reverse,reset,5,30,30,40,0,0,0,0
indexed,optimized,4096,cold,reverse,sequential_read,5,39600,39700,52829,0,0,0,0
indexed,optimized,4096,cold,reverse,write,5,34983,35013,35533,0,0,0,0
indexed,optimized,4096,reused,alternating_write_read,reset,5,50,50,60,0,0,0,0
indexed,optimized,4096,reused,alternating_write_read,write_read,5,17072350,17239182,18449229,0,0,0,0
indexed,optimized,4096,reused,ascending,random_read,5,32279,32309,32439,0,0,0,0
indexed,optimized,4096,reused,ascending,reset,5,30,30,40,0,0,0,0
indexed,optimized,4096,reused,ascending,sequential_read,5,39629,39690,39760,0,0,0,0
indexed,optimized,4096,reused,ascending,write,5,33030,33080,33370,0,0,0,0
indexed,optimized,4096,reused,distinct_ids,read,5,80832,82965,92780,0,0,0,0
indexed,optimized,4096,reused,distinct_ids,reset,5,30,170,270,0,0,0,0
indexed,optimized,4096,reused,distinct_ids,write,5,2945058,3119350,3137848,0,0,0,0
indexed,optimized,4096,reused,large_multiqueue_suffix,prepare_suffix,5,28903,29344,29945,0,0,0,0
indexed,optimized,4096,reused,large_multiqueue_suffix,read_suffix,5,24447,24938,25168,0,0,0,0
indexed,optimized,4096,reused,large_multiqueue_suffix,reset,5,40,50,50,0,0,0,0
indexed,optimized,4096,reused,large_multiqueue_suffix,write_read,5,10892096,11728149,12797665,0,0,0,0
indexed,optimized,4096,reused,large_single_suffix,prepare_suffix,5,27772,28043,40211,0,0,0,0
indexed,optimized,4096,reused,large_single_suffix,read_suffix,5,23345,23946,24287,0,0,0,0
indexed,optimized,4096,reused,large_single_suffix,reset,5,30,40,50,0,0,0,0
indexed,optimized,4096,reused,large_single_suffix,write_read,5,7195876,7410310,7747809,0,0,0,0
indexed,optimized,4096,reused,multiqueue_bulk,random_read,5,41863,41884,41984,0,0,0,0
indexed,optimized,4096,reused,multiqueue_bulk,reset,5,30,30,40,0,0,0,0
indexed,optimized,4096,reused,multiqueue_bulk,write,5,33211,33240,33430,0,0,0,0
indexed,optimized,4096,reused,multiqueue_last_interleave,reset,5,50,50,140,0,0,0,0
indexed,optimized,4096,reused,multiqueue_last_interleave,write_read,5,16742672,17454047,17808381,0,0,0,0
indexed,optimized,4096,reused,multiqueue_nonlast_interleave,reset,5,40,40,50,0,0,0,0
indexed,optimized,4096,reused,multiqueue_nonlast_interleave,write_read,5,16833559,17039680,18011337,0,0,0,0
indexed,optimized,4096,reused,random,random_read,5,32048,32059,62063,0,0,0,0
indexed,optimized,4096,reused,random,reset,5,40,50,51,0,0,0,0
indexed,optimized,4096,reused,random,sequential_read,5,41563,41924,43436,0,0,0,0
indexed,optimized,4096,reused,random,write,5,8213213,8647709,8965408,0,0,0,0
indexed,optimized,4096,reused,reverse,random_read,5,32079,32149,46400,0,0,0,0
indexed,optimized,4096,reused,reverse,reset,5,30,30,40,0,0,0,0
indexed,optimized,4096,reused,reverse,sequential_read,5,39530,39610,39841,0,0,0,0
indexed,optimized,4096,reused,reverse,write,5,34993,35003,35204,0,0,0,0
indexed,optimized,8192,cold,alternating_write_read,constructor,5,124308,131128,144468,8197,0,983136,0
indexed,optimized,8192,cold,alternating_write_read,reset,5,210,480,771,0,0,0,0
indexed,optimized,8192,cold,alternating_write_read,write_read,5,67831544,68824617,75781006,0,0,0,0
indexed,optimized,8192,cold,ascending,constructor,5,131138,133582,412323,8197,0,983136,0
indexed,optimized,8192,cold,ascending,random_read,5,65879,66020,68693,0,0,0,0
indexed,optimized,8192,cold,ascending,reset,5,30,40,50,0,0,0,0
indexed,optimized,8192,cold,ascending,sequential_read,5,80001,80281,176657,0,0,0,0
indexed,optimized,8192,cold,ascending,write,5,66210,66280,66591,0,0,0,0
indexed,optimized,8192,cold,distinct_ids,constructor,5,123206,147422,291410,8197,0,983136,0
indexed,optimized,8192,cold,distinct_ids,read,5,167453,170077,179081,0,0,0,0
indexed,optimized,8192,cold,distinct_ids,reset,5,40,60,340,0,0,0,0
indexed,optimized,8192,cold,distinct_ids,write,5,11770256,12253463,13040164,0,0,0,0
indexed,optimized,8192,cold,large_multiqueue_suffix,constructor,5,129926,131298,134674,8197,0,983136,0
indexed,optimized,8192,cold,large_multiqueue_suffix,prepare_suffix,5,56856,57096,57196,0,0,0,0
indexed,optimized,8192,cold,large_multiqueue_suffix,read_suffix,5,48744,50416,52389,0,0,0,0
indexed,optimized,8192,cold,large_multiqueue_suffix,reset,5,40,50,50,0,0,0,0
indexed,optimized,8192,cold,large_multiqueue_suffix,write_read,5,44416320,45058380,48413256,0,0,0,0
indexed,optimized,8192,cold,large_single_suffix,constructor,5,139781,143296,571322,8197,0,983136,0
indexed,optimized,8192,cold,large_single_suffix,prepare_suffix,5,53511,53601,109986,0,0,0,0
indexed,optimized,8192,cold,large_single_suffix,read_suffix,5,46700,47872,48654,0,0,0,0
indexed,optimized,8192,cold,large_single_suffix,reset,5,40,50,50,0,0,0,0
indexed,optimized,8192,cold,large_single_suffix,write_read,5,28833927,30499705,31698285,0,0,0,0
indexed,optimized,8192,cold,multiqueue_bulk,constructor,5,122886,124277,211259,8197,0,983136,0
indexed,optimized,8192,cold,multiqueue_bulk,random_read,5,83636,84147,85199,0,0,0,0
indexed,optimized,8192,cold,multiqueue_bulk,reset,5,30,40,80,0,0,0,0
indexed,optimized,8192,cold,multiqueue_bulk,write,5,65048,66770,66991,0,0,0,0
indexed,optimized,8192,cold,multiqueue_last_interleave,constructor,5,133742,135525,457781,8197,0,983136,0
indexed,optimized,8192,cold,multiqueue_last_interleave,reset,5,381,651,771,0,0,0,0
indexed,optimized,8192,cold,multiqueue_last_interleave,write_read,5,66568076,67941563,105196367,0,0,0,0
indexed,optimized,8192,cold,multiqueue_nonlast_interleave,constructor,5,121854,124709,129826,8197,0,983136,0
indexed,optimized,8192,cold,multiqueue_nonlast_interleave,reset,5,390,481,971,0,0,0,0
indexed,optimized,8192,cold,multiqueue_nonlast_interleave,write_read,5,66522377,68053243,74794522,0,0,0,0
indexed,optimized,8192,cold,random,constructor,5,111970,136436,259021,8197,0,983136,0
indexed,optimized,8192,cold,random,random_read,5,64377,65098,116286,0,0,0,0
indexed,optimized,8192,cold,random,reset,5,40,40,80,0,0,0,0
indexed,optimized,8192,cold,random,sequential_read,5,84067,84688,85699,0,0,0,0
indexed,optimized,8192,cold,random,write,5,36115264,37740790,43426496,0,0,0,0
indexed,optimized,8192,cold,reverse,constructor,5,115134,119390,316108,8197,0,983136,0
indexed,optimized,8192,cold,reverse,random_read,5,65569,65710,65809,0,0,0,0
indexed,optimized,8192,cold,reverse,reset,5,30,30,40,0,0,0,0
indexed,optimized,8192,cold,reverse,sequential_read,5,79490,79801,80462,0,0,0,0
indexed,optimized,8192,cold,reverse,write,5,69956,70246,70527,0,0,0,0
indexed,optimized,8192,reused,alternating_write_read,reset,5,50,50,181,0,0,0,0
indexed,optimized,8192,reused,alternating_write_read,write_read,5,67656453,68956306,79542811,0,0,0,0
indexed,optimized,8192,reused,ascending,random_read,5,65829,67072,84207,0,0,0,0
indexed,optimized,8192,reused,ascending,reset,5,30,30,40,0,0,0,0
indexed,optimized,8192,reused,ascending,sequential_read,5,79751,80011,103847,0,0,0,0
indexed,optimized,8192,reused,ascending,write,5,65930,66020,105079,0,0,0,0
indexed,optimized,8192,reused,distinct_ids,read,5,164799,166622,184118,0,0,0,0
indexed,optimized,8192,reused,distinct_ids,reset,5,30,60,180,0,0,0,0
indexed,optimized,8192,reused,distinct_ids,write,5,11705008,12191519,13092814,0,0,0,0
indexed,optimized,8192,reused,large_multiqueue_suffix,prepare_suffix,5,57116,57337,57727,0,0,0,0
indexed,optimized,8192,reused,large_multiqueue_suffix,read_suffix,5,48864,49144,62745,0,0,0,0
indexed,optimized,8192,reused,large_multiqueue_suffix,reset,5,40,40,51,0,0,0,0
indexed,optimized,8192,reused,large_multiqueue_suffix,write_read,5,43919550,46196188,47170950,0,0,0,0
indexed,optimized,8192,reused,large_single_suffix,prepare_suffix,5,53431,53931,67902,0,0,0,0
indexed,optimized,8192,reused,large_single_suffix,read_suffix,5,47031,47843,48754,0,0,0,0
indexed,optimized,8192,reused,large_single_suffix,reset,5,40,50,50,0,0,0,0
indexed,optimized,8192,reused,large_single_suffix,write_read,5,28761578,30054543,32755011,0,0,0,0
indexed,optimized,8192,reused,multiqueue_bulk,random_read,5,83556,83756,84307,0,0,0,0
indexed,optimized,8192,reused,multiqueue_bulk,reset,5,30,30,50,0,0,0,0
indexed,optimized,8192,reused,multiqueue_bulk,write,5,65168,66351,96706,0,0,0,0
indexed,optimized,8192,reused,multiqueue_last_interleave,reset,5,40,50,60,0,0,0,0
indexed,optimized,8192,reused,multiqueue_last_interleave,write_read,5,66337979,67790695,77068941,0,0,0,0
indexed,optimized,8192,reused,multiqueue_nonlast_interleave,reset,5,50,50,411,0,0,0,0
indexed,optimized,8192,reused,multiqueue_nonlast_interleave,write_read,5,66359551,69252283,72318873,0,0,0,0
indexed,optimized,8192,reused,random,random_read,5,64317,65038,65278,0,0,0,0
indexed,optimized,8192,reused,random,reset,5,40,50,50,0,0,0,0
indexed,optimized,8192,reused,random,sequential_read,5,83796,85059,86340,0,0,0,0
indexed,optimized,8192,reused,random,write,5,36012248,37384321,41439394,0,0,0,0
indexed,optimized,8192,reused,reverse,random_read,5,65529,65910,81613,0,0,0,0
indexed,optimized,8192,reused,reverse,reset,5,30,30,40,0,0,0,0
indexed,optimized,8192,reused,reverse,sequential_read,5,79680,79701,137297,0,0,0,0
indexed,optimized,8192,reused,reverse,write,5,69836,69916,70106,0,0,0,0
sparse_final,debug,32,cold,alternating_write_read,constructor,5,3606,3665,4787,38,0,4216,0
sparse_final,debug,32,cold,alternating_write_read,reset,5,161,200,230,0,0,0,0
sparse_final,debug,32,cold,alternating_write_read,write_read,5,13500,13861,14742,0,0,0,0
sparse_final,debug,32,cold,ascending,constructor,5,4647,4767,73071,38,0,4216,0
sparse_final,debug,32,cold,ascending,random_read,5,3305,3395,3896,0,0,0,0
sparse_final,debug,32,cold,ascending,reset,5,161,190,621,0,0,0,0
sparse_final,debug,32,cold,ascending,sequential_read,5,3505,3595,13661,0,0,0,0
sparse_final,debug,32,cold,ascending,write,5,7882,8112,32258,0,0,0,0
sparse_final,debug,32,cold,distinct_ids,constructor,5,3825,3956,6249,38,0,4216,0
sparse_final,debug,32,cold,distinct_ids,read,5,6970,7722,8113,0,0,0,0
sparse_final,debug,32,cold,distinct_ids,reset,5,180,201,360,0,0,0,0
sparse_final,debug,32,cold,distinct_ids,write,5,10245,10565,10957,0,0,0,0
sparse_final,debug,32,cold,large_multiqueue_suffix,constructor,5,3625,3665,3876,38,0,4216,0
sparse_final,debug,32,cold,large_multiqueue_suffix,prepare_suffix,5,9614,9865,10176,0,0,0,0
sparse_final,debug,32,cold,large_multiqueue_suffix,read_suffix,5,3295,3315,3585,0,0,0,0
sparse_final,debug,32,cold,large_multiqueue_suffix,reset,5,180,190,230,0,0,0,0
sparse_final,debug,32,cold,large_multiqueue_suffix,write_read,5,5488,5628,5879,0,0,0,0
sparse_final,debug,32,cold,large_single_suffix,constructor,5,3925,4107,5348,38,0,4216,0
sparse_final,debug,32,cold,large_single_suffix,prepare_suffix,5,6931,7011,7211,0,0,0,0
sparse_final,debug,32,cold,large_single_suffix,read_suffix,5,2593,3144,4717,0,0,0,0
sparse_final,debug,32,cold,large_single_suffix,reset,5,160,190,211,0,0,0,0
sparse_final,debug,32,cold,large_single_suffix,write_read,5,3866,4216,4627,0,0,0,0
sparse_final,debug,32,cold,multiqueue_bulk,constructor,5,3726,3986,4807,38,0,4216,0
sparse_final,debug,32,cold,multiqueue_bulk,random_read,5,3535,4246,5478,0,0,0,0
sparse_final,debug,32,cold,multiqueue_bulk,reset,5,160,170,221,0,0,0,0
sparse_final,debug,32,cold,multiqueue_bulk,write,5,10426,11217,11297,0,0,0,0
sparse_final,debug,32,cold,multiqueue_last_interleave,constructor,5,3896,4256,6520,38,0,4216,0
sparse_final,debug,32,cold,multiqueue_last_interleave,reset,5,160,180,330,0,0,0,0
sparse_final,debug,32,cold,multiqueue_last_interleave,write_read,5,13871,14773,52710,0,0,0,0
sparse_final,debug,32,cold,multiqueue_nonlast_interleave,constructor,5,3936,4066,5027,38,0,4216,0
sparse_final,debug,32,cold,multiqueue_nonlast_interleave,reset,5,191,210,351,0,0,0,0
sparse_final,debug,32,cold,multiqueue_nonlast_interleave,write_read,5,17637,18048,79961,0,0,0,0
sparse_final,debug,32,cold,random,constructor,5,3695,3916,6119,38,0,4216,0
sparse_final,debug,32,cold,random,random_read,5,3144,3165,3745,0,0,0,0
sparse_final,debug,32,cold,random,reset,5,190,230,731,0,0,0,0
sparse_final,debug,32,cold,random,sequential_read,5,3426,3466,31778,0,0,0,0
sparse_final,debug,32,cold,random,write,5,11578,11948,293663,0,0,0,0
sparse_final,debug,32,cold,reverse,constructor,5,4036,4106,6820,38,0,4216,0
sparse_final,debug,32,cold,reverse,random_read,5,3105,3164,3355,0,0,0,0
sparse_final,debug,32,cold,reverse,reset,5,160,231,431,0,0,0,0
sparse_final,debug,32,cold,reverse,sequential_read,5,3145,3295,4947,0,0,0,0
sparse_final,debug,32,cold,reverse,write,5,11537,11577,94422,0,0,0,0
sparse_final,debug,32,reused,alternating_write_read,reset,5,150,170,341,0,0,0,0
sparse_final,debug,32,reused,alternating_write_read,write_read,5,13200,13280,16375,0,0,0,0
sparse_final,debug,32,reused,ascending,random_read,5,3125,3155,3325,0,0,0,0
sparse_final,debug,32,reused,ascending,reset,5,150,220,1352,0,0,0,0
sparse_final,debug,32,reused,ascending,sequential_read,5,3135,3195,3275,0,0,0,0
sparse_final,debug,32,reused,ascending,write,5,7452,7621,7742,0,0,0,0
sparse_final,debug,32,reused,distinct_ids,read,5,6620,6870,7351,0,0,0,0
sparse_final,debug,32,reused,distinct_ids,reset,5,151,190,261,0,0,0,0
sparse_final,debug,32,reused,distinct_ids,write,5,9825,10095,10516,0,0,0,0
sparse_final,debug,32,reused,large_multiqueue_suffix,prepare_suffix,5,9234,9445,9595,0,0,0,0
sparse_final,debug,32,reused,large_multiqueue_suffix,read_suffix,5,3355,3466,5458,0,0,0,0
sparse_final,debug,32,reused,large_multiqueue_suffix,reset,5,180,190,621,0,0,0,0
sparse_final,debug,32,reused,large_multiqueue_suffix,write_read,5,5358,5419,5628,0,0,0,0
sparse_final,debug,32,reused,large_single_suffix,prepare_suffix,5,6329,6800,6900,0,0,0,0
sparse_final,debug,32,reused,large_single_suffix,read_suffix,5,2403,2454,2514,0,0,0,0
sparse_final,debug,32,reused,large_single_suffix,reset,5,170,220,260,0,0,0,0
sparse_final,debug,32,reused,large_single_suffix,write_read,5,3625,3666,3866,0,0,0,0
sparse_final,debug,32,reused,multiqueue_bulk,random_read,5,3425,3656,3796,0,0,0,0
sparse_final,debug,32,reused,multiqueue_bulk,reset,5,170,180,191,0,0,0,0
sparse_final,debug,32,reused,multiqueue_bulk,write,5,10396,10606,10967,0,0,0,0
sparse_final,debug,32,reused,multiqueue_last_interleave,reset,5,140,151,220,0,0,0,0
sparse_final,debug,32,reused,multiqueue_last_interleave,write_read,5,13701,13871,14231,0,0,0,0
sparse_final,debug,32,reused,multiqueue_nonlast_interleave,reset,5,140,181,241,0,0,0,0
sparse_final,debug,32,reused,multiqueue_nonlast_interleave,write_read,5,17116,17367,17526,0,0,0,0
sparse_final,debug,32,reused,random,random_read,5,3075,3155,3245,0,0,0,0
sparse_final,debug,32,reused,random,reset,5,160,200,341,0,0,0,0
sparse_final,debug,32,reused,random,sequential_read,5,3165,3396,3716,0,0,0,0
sparse_final,debug,32,reused,random,write,5,11387,11578,13010,0,0,0,0
sparse_final,debug,32,reused,reverse,random_read,5,3184,3204,3265,0,0,0,0
sparse_final,debug,32,reused,reverse,reset,5,150,170,321,0,0,0,0
sparse_final,debug,32,reused,reverse,sequential_read,5,3184,3224,3415,0,0,0,0
sparse_final,debug,32,reused,reverse,write,5,10996,11328,11577,0,0,0,0
sparse_final,debug,128,cold,alternating_write_read,constructor,5,12229,12378,13811,134,0,16504,0
sparse_final,debug,128,cold,alternating_write_read,reset,5,210,270,491,0,0,0,0
sparse_final,debug,128,cold,alternating_write_read,write_read,5,51819,52569,162115,0,0,0,0
sparse_final,debug,128,cold,ascending,constructor,5,15103,16976,18528,134,0,16504,0
sparse_final,debug,128,cold,ascending,random_read,5,11558,11607,11718,0,0,0,0
sparse_final,debug,128,cold,ascending,reset,5,190,210,211,0,0,0,0
sparse_final,debug,128,cold,ascending,sequential_read,5,11687,11938,14552,0,0,0,0
sparse_final,debug,128,cold,ascending,write,5,28733,28944,29936,0,0,0,0
sparse_final,debug,128,cold,distinct_ids,constructor,5,13190,13250,37717,134,0,16504,0
sparse_final,debug,128,cold,distinct_ids,read,5,26290,26630,26801,0,0,0,0
sparse_final,debug,128,cold,distinct_ids,reset,5,260,280,291,0,0,0,0
sparse_final,debug,128,cold,distinct_ids,write,5,54892,55914,83486,0,0,0,0
sparse_final,debug,128,cold,large_multiqueue_suffix,constructor,5,12368,12428,12589,134,0,16504,0
sparse_final,debug,128,cold,large_multiqueue_suffix,prepare_suffix,5,37998,38479,38909,0,0,0,0
sparse_final,debug,128,cold,large_multiqueue_suffix,read_suffix,5,9344,9464,100292,0,0,0,0
sparse_final,debug,128,cold,large_multiqueue_suffix,reset,5,160,200,450,0,0,0,0
sparse_final,debug,128,cold,large_multiqueue_suffix,write_read,5,22915,23256,23746,0,0,0,0
sparse_final,debug,128,cold,large_single_suffix,constructor,5,12459,12689,16595,134,0,16504,0
sparse_final,debug,128,cold,large_single_suffix,prepare_suffix,5,24647,25209,25579,0,0,0,0
sparse_final,debug,128,cold,large_single_suffix,read_suffix,5,8583,8813,9084,0,0,0,0
sparse_final,debug,128,cold,large_single_suffix,reset,5,190,220,241,0,0,0,0
sparse_final,debug,128,cold,large_single_suffix,write_read,5,15724,16044,16115,0,0,0,0
sparse_final,debug,128,cold,multiqueue_bulk,constructor,5,12339,13480,39680,134,0,16504,0
sparse_final,debug,128,cold,multiqueue_bulk,random_read,5,12149,12359,12509,0,0,0,0
sparse_final,debug,128,cold,multiqueue_bulk,reset,5,170,270,311,0,0,0,0
sparse_final,debug,128,cold,multiqueue_bulk,write,5,41923,42645,43105,0,0,0,0
sparse_final,debug,128,cold,multiqueue_last_interleave,constructor,5,12720,12919,19870,134,0,16504,0
sparse_final,debug,128,cold,multiqueue_last_interleave,reset,5,170,210,230,0,0,0,0
sparse_final,debug,128,cold,multiqueue_last_interleave,write_read,5,56365,56635,57247,0,0,0,0
sparse_final,debug,128,cold,multiqueue_nonlast_interleave,constructor,5,12649,13410,13500,134,0,16504,0
sparse_final,debug,128,cold,multiqueue_nonlast_interleave,reset,5,210,230,350,0,0,0,0
sparse_final,debug,128,cold,multiqueue_nonlast_interleave,write_read,5,71779,72920,134373,0,0,0,0
sparse_final,debug,128,cold,random,constructor,5,13300,15514,39580,134,0,16504,0
sparse_final,debug,128,cold,random,random_read,5,11447,11638,11698,0,0,0,0
sparse_final,debug,128,cold,random,reset,5,201,211,290,0,0,0,0
sparse_final,debug,128,cold,random,sequential_read,5,11537,11767,12358,0,0,0,0
sparse_final,debug,128,cold,random,write,5,52980,53641,55123,0,0,0,0
sparse_final,debug,128,cold,reverse,constructor,5,13230,13680,15072,134,0,16504,0
sparse_final,debug,128,cold,reverse,random_read,5,11417,11627,11748,0,0,0,0
sparse_final,debug,128,cold,reverse,reset,5,180,200,270,0,0,0,0
sparse_final,debug,128,cold,reverse,sequential_read,5,11607,11828,12448,0,0,0,0
sparse_final,debug,128,cold,reverse,write,5,48273,48934,73321,0,0,0,0
sparse_final,debug,128,reused,alternating_write_read,reset,5,180,210,220,0,0,0,0
sparse_final,debug,128,reused,alternating_write_read,write_read,5,51037,52079,52980,0,0,0,0
sparse_final,debug,128,reused,ascending,random_read,5,11307,11487,63185,0,0,0,0
sparse_final,debug,128,reused,ascending,reset,5,190,211,390,0,0,0,0
sparse_final,debug,128,reused,ascending,sequential_read,5,11388,11808,11948,0,0,0,0
sparse_final,debug,128,reused,ascending,write,5,27943,29024,83697,0,0,0,0
sparse_final,debug,128,reused,distinct_ids,read,5,25499,25959,26319,0,0,0,0
sparse_final,debug,128,reused,distinct_ids,reset,5,250,270,441,0,0,0,0
sparse_final,debug,128,reused,distinct_ids,write,5,55023,55454,108534,0,0,0,0
sparse_final,debug,128,reused,large_multiqueue_suffix,prepare_suffix,5,37637,37797,86761,0,0,0,0
sparse_final,debug,128,reused,large_multiqueue_suffix,read_suffix,5,9103,9324,9524,0,0,0,0
sparse_final,debug,128,reused,large_multiqueue_suffix,reset,5,181,191,421,0,0,0,0
sparse_final,debug,128,reused,large_multiqueue_suffix,write_read,5,23255,23355,48404,0,0,0,0
sparse_final,debug,128,reused,large_single_suffix,prepare_suffix,5,24777,25018,40050,0,0,0,0
sparse_final,debug,128,reused,large_single_suffix,read_suffix,5,8282,8362,8372,0,0,0,0
sparse_final,debug,128,reused,large_single_suffix,reset,5,190,191,220,0,0,0,0
sparse_final,debug,128,reused,large_single_suffix,write_read,5,15403,15734,15784,0,0,0,0
sparse_final,debug,128,reused,multiqueue_bulk,random_read,5,11868,11958,12028,0,0,0,0
sparse_final,debug,128,reused,multiqueue_bulk,reset,5,161,180,190,0,0,0,0
sparse_final,debug,128,reused,multiqueue_bulk,write,5,41403,42064,42484,0,0,0,0
sparse_final,debug,128,reused,multiqueue_last_interleave,reset,5,210,211,320,0,0,0,0
sparse_final,debug,128,reused,multiqueue_last_interleave,write_read,5,55173,56626,76796,0,0,0,0
sparse_final,debug,128,reused,multiqueue_nonlast_interleave,reset,5,160,231,341,0,0,0,0
sparse_final,debug,128,reused,multiqueue_nonlast_interleave,write_read,5,71368,72850,111909,0,0,0,0
sparse_final,debug,128,reused,random,random_read,5,11257,11557,11698,0,0,0,0
sparse_final,debug,128,reused,random,reset,5,190,200,230,0,0,0,0
sparse_final,debug,128,reused,random,sequential_read,5,11537,11668,11938,0,0,0,0
sparse_final,debug,128,reused,random,write,5,50426,51358,53811,0,0,0,0
sparse_final,debug,128,reused,reverse,random_read,5,11397,11568,17817,0,0,0,0
sparse_final,debug,128,reused,reverse,reset,5,190,300,511,0,0,0,0
sparse_final,debug,128,reused,reverse,sequential_read,5,11557,11678,40692,0,0,0,0
sparse_final,debug,128,reused,reverse,write,5,48583,48654,48914,0,0,0,0
sparse_final,debug,512,cold,alternating_write_read,constructor,5,46791,47152,48343,518,0,65656,0
sparse_final,debug,512,cold,alternating_write_read,reset,5,190,231,391,0,0,0,0
sparse_final,debug,512,cold,alternating_write_read,write_read,5,204319,208175,249006,0,0,0,0
sparse_final,debug,512,cold,ascending,constructor,5,57547,59019,153051,518,0,65656,0
sparse_final,debug,512,cold,ascending,random_read,5,44247,44838,76976,0,0,0,0
sparse_final,debug,512,cold,ascending,reset,5,211,311,440,0,0,0,0
sparse_final,debug,512,cold,ascending,sequential_read,5,44587,44667,45920,0,0,0,0
sparse_final,debug,512,cold,ascending,write,5,112931,114022,147332,0,0,0,0
sparse_final,debug,512,cold,distinct_ids,constructor,5,49334,50747,53300,518,0,65656,0
sparse_final,debug,512,cold,distinct_ids,read,5,101754,102816,125549,0,0,0,0
sparse_final,debug,512,cold,distinct_ids,reset,5,251,421,691,0,0,0,0
sparse_final,debug,512,cold,distinct_ids,write,5,459994,518413,715711,0,0,0,0
sparse_final,debug,512,cold,large_multiqueue_suffix,constructor,5,46831,47221,49044,518,0,65656,0
sparse_final,debug,512,cold,large_multiqueue_suffix,prepare_suffix,5,149806,151999,165199,0,0,0,0
sparse_final,debug,512,cold,large_multiqueue_suffix,read_suffix,5,32289,32779,33110,0,0,0,0
sparse_final,debug,512,cold,large_multiqueue_suffix,reset,5,230,300,411,0,0,0,0
sparse_final,debug,512,cold,large_multiqueue_suffix,write_read,5,94813,94913,157628,0,0,0,0
sparse_final,debug,512,cold,large_single_suffix,constructor,5,46340,48092,76555,518,0,65656,0
sparse_final,debug,512,cold,large_single_suffix,prepare_suffix,5,95444,97097,98339,0,0,0,0
sparse_final,debug,512,cold,large_single_suffix,read_suffix,5,32119,32539,102094,0,0,0,0
sparse_final,debug,512,cold,large_single_suffix,reset,5,220,270,1091,0,0,0,0
sparse_final,debug,512,cold,large_single_suffix,write_read,5,63696,64517,109255,0,0,0,0
sparse_final,debug,512,cold,multiqueue_bulk,constructor,5,47061,49986,61392,518,0,65656,0
sparse_final,debug,512,cold,multiqueue_bulk,random_read,5,45158,45549,45829,0,0,0,0
sparse_final,debug,512,cold,multiqueue_bulk,reset,5,290,300,501,0,0,0,0
sparse_final,debug,512,cold,multiqueue_bulk,write,5,169115,170798,275626,0,0,0,0
sparse_final,debug,512,cold,multiqueue_last_interleave,constructor,5,46930,49074,76025,518,0,65656,0
sparse_final,debug,512,cold,multiqueue_last_interleave,reset,5,170,230,361,0,0,0,0
sparse_final,debug,512,cold,multiqueue_last_interleave,write_read,5,223036,225711,267434,0,0,0,0
sparse_final,debug,512,cold,multiqueue_nonlast_interleave,constructor,5,47342,50266,50446,518,0,65656,0
sparse_final,debug,512,cold,multiqueue_nonlast_interleave,reset,5,201,241,251,0,0,0,0
sparse_final,debug,512,cold,multiqueue_nonlast_interleave,write_read,5,288265,290148,292332,0,0,0,0
sparse_final,debug,512,cold,random,constructor,5,49545,51558,54062,518,0,65656,0
sparse_final,debug,512,cold,random,random_read,5,44297,44347,44607,0,0,0,0
sparse_final,debug,512,cold,random,reset,5,300,330,491,0,0,0,0
sparse_final,debug,512,cold,random,sequential_read,5,44778,44948,58108,0,0,0,0
sparse_final,debug,512,cold,random,write,5,234825,236848,343239,0,0,0,0
sparse_final,debug,512,cold,reverse,constructor,5,50125,51518,52660,518,0,65656,0
sparse_final,debug,512,cold,reverse,random_read,5,44297,44607,44768,0,0,0,0
sparse_final,debug,512,cold,reverse,reset,5,270,340,531,0,0,0,0
sparse_final,debug,512,cold,reverse,sequential_read,5,44357,44538,46230,0,0,0,0
sparse_final,debug,512,cold,reverse,write,5,220423,241725,419874,0,0,0,0
sparse_final,debug,512,reused,alternating_write_read,reset,5,190,221,330,0,0,0,0
sparse_final,debug,512,reused,alternating_write_read,write_read,5,205060,206112,247073,0,0,0,0
sparse_final,debug,512,reused,ascending,random_read,5,44257,44498,104167,0,0,0,0
sparse_final,debug,512,reused,ascending,reset,5,270,280,360,0,0,0,0
sparse_final,debug,512,reused,ascending,sequential_read,5,44137,44527,49716,0,0,0,0
sparse_final,debug,512,reused,ascending,write,5,111729,113021,113772,0,0,0,0
sparse_final,debug,512,reused,distinct_ids,read,5,101543,102705,102995,0,0,0,0
sparse_final,debug,512,reused,distinct_ids,reset,5,250,391,411,0,0,0,0
sparse_final,debug,512,reused,distinct_ids,write,5,448647,490421,506294,0,0,0,0
sparse_final,debug,512,reused,large_multiqueue_suffix,prepare_suffix,5,149546,150417,180323,0,0,0,0
sparse_final,debug,512,reused,large_multiqueue_suffix,read_suffix,5,32529,32799,68724,0,0,0,0
sparse_final,debug,512,reused,large_multiqueue_suffix,reset,5,241,301,721,0,0,0,0
sparse_final,debug,512,reused,large_multiqueue_suffix,write_read,5,94563,95173,109375,0,0,0,0
sparse_final,debug,512,reused,large_single_suffix,prepare_suffix,5,95694,97096,205420,0,0,0,0
sparse_final,debug,512,reused,large_single_suffix,read_suffix,5,31718,31918,32690,0,0,0,0
sparse_final,debug,512,reused,large_single_suffix,reset,5,241,321,501,0,0,0,0
sparse_final,debug,512,reused,large_single_suffix,write_read,5,62985,64087,75233,0,0,0,0
sparse_final,debug,512,reused,multiqueue_bulk,random_read,5,44377,44757,93862,0,0,0,0
sparse_final,debug,512,reused,multiqueue_bulk,reset,5,250,270,330,0,0,0,0
sparse_final,debug,512,reused,multiqueue_bulk,write,5,164859,169786,183878,0,0,0,0
sparse_final,debug,512,reused,multiqueue_last_interleave,reset,5,180,200,220,0,0,0,0
sparse_final,debug,512,reused,multiqueue_last_interleave,write_read,5,221325,224520,251530,0,0,0,0
sparse_final,debug,512,reused,multiqueue_nonlast_interleave,reset,5,180,190,211,0,0,0,0
sparse_final,debug,512,reused,multiqueue_nonlast_interleave,write_read,5,289257,293183,306613,0,0,0,0
sparse_final,debug,512,reused,random,random_read,5,43936,44537,44828,0,0,0,0
sparse_final,debug,512,reused,random,reset,5,270,311,360,0,0,0,0
sparse_final,debug,512,reused,random,sequential_read,5,43947,44458,70547,0,0,0,0
sparse_final,debug,512,reused,random,write,5,228034,231490,237429,0,0,0,0
sparse_final,debug,512,reused,reverse,random_read,5,44307,44527,44828,0,0,0,0
sparse_final,debug,512,reused,reverse,reset,5,260,291,461,0,0,0,0
sparse_final,debug,512,reused,reverse,sequential_read,5,44227,44507,44877,0,0,0,0
sparse_final,debug,512,reused,reverse,write,5,221815,233963,292942,0,0,0,0
sparse_final,debug,4096,cold,alternating_write_read,constructor,5,358461,455868,468948,4102,0,524408,0
sparse_final,debug,4096,cold,alternating_write_read,reset,5,521,651,2163,0,0,0,0
sparse_final,debug,4096,cold,alternating_write_read,write_read,5,1717555,1761180,2008102,0,0,0,0
sparse_final,debug,4096,cold,ascending,constructor,5,364691,396599,581308,4102,0,524408,0
sparse_final,debug,4096,cold,ascending,random_read,5,349097,349428,385452,0,0,0,0
sparse_final,debug,4096,cold,ascending,reset,5,561,621,651,0,0,0,0
sparse_final,debug,4096,cold,ascending,sequential_read,5,343239,377159,403350,0,0,0,0
sparse_final,debug,4096,cold,ascending,write,5,881512,967581,1004647,0,0,0,0
sparse_final,debug,4096,cold,distinct_ids,constructor,5,364110,379293,397991,4102,0,524408,0
sparse_final,debug,4096,cold,distinct_ids,read,5,830234,832637,937206,0,0,0,0
sparse_final,debug,4096,cold,distinct_ids,reset,5,991,1252,1292,0,0,0,0
sparse_final,debug,4096,cold,distinct_ids,write,5,21517027,22490647,24023062,0,0,0,0
sparse_final,debug,4096,cold,large_multiqueue_suffix,constructor,5,358322,361766,572275,4102,0,524408,0
sparse_final,debug,4096,cold,large_multiqueue_suffix,prepare_suffix,5,1375457,1389929,1525224,0,0,0,0
sparse_final,debug,4096,cold,large_multiqueue_suffix,read_suffix,5,250899,251720,265391,0,0,0,0
sparse_final,debug,4096,cold,large_multiqueue_suffix,reset,5,331,531,681,0,0,0,0
sparse_final,debug,4096,cold,large_multiqueue_suffix,write_read,5,958909,965919,986489,0,0,0,0
sparse_final,debug,4096,cold,large_single_suffix,constructor,5,365231,423299,437872,4102,0,524408,0
sparse_final,debug,4096,cold,large_single_suffix,prepare_suffix,5,758986,796844,1079611,0,0,0,0
sparse_final,debug,4096,cold,large_single_suffix,read_suffix,5,250989,283878,287003,0,0,0,0
sparse_final,debug,4096,cold,large_single_suffix,reset,5,391,521,611,0,0,0,0
sparse_final,debug,4096,cold,large_single_suffix,write_read,5,725545,785347,996766,0,0,0,0
sparse_final,debug,4096,cold,multiqueue_bulk,constructor,5,357790,373103,545934,4102,0,524408,0
sparse_final,debug,4096,cold,multiqueue_bulk,random_read,5,352062,365292,451412,0,0,0,0
sparse_final,debug,4096,cold,multiqueue_bulk,reset,5,251,641,1442,0,0,0,0
sparse_final,debug,4096,cold,multiqueue_bulk,write,5,1562339,1705206,1895383,0,0,0,0
sparse_final,debug,4096,cold,multiqueue_last_interleave,constructor,5,376128,462979,602069,4102,0,524408,0
sparse_final,debug,4096,cold,multiqueue_last_interleave,reset,5,491,661,992,0,0,0,0
sparse_final,debug,4096,cold,multiqueue_last_interleave,write_read,5,1858436,1911487,1956214,0,0,0,0
sparse_final,debug,4096,cold,multiqueue_nonlast_interleave,constructor,5,358562,359683,393494,4102,0,524408,0
sparse_final,debug,4096,cold,multiqueue_nonlast_interleave,reset,5,580,661,921,0,0,0,0
sparse_final,debug,4096,cold,multiqueue_nonlast_interleave,write_read,5,2495559,2786329,2830875,0,0,0,0
sparse_final,debug,4096,cold,random,constructor,5,361997,364100,429890,4102,0,524408,0
sparse_final,debug,4096,cold,random,random_read,5,350168,383459,394506,0,0,0,0
sparse_final,debug,4096,cold,random,reset,5,571,591,631,0,0,0,0
sparse_final,debug,4096,cold,random,sequential_read,5,348156,349648,379143,0,0,0,0
sparse_final,debug,4096,cold,random,write,5,2504102,2731395,2849313,0,0,0,0
sparse_final,debug,4096,cold,reverse,constructor,5,358251,373824,395528,4102,0,524408,0
sparse_final,debug,4096,cold,reverse,random_read,5,347955,372202,474647,0,0,0,0
sparse_final,debug,4096,cold,reverse,reset,5,551,621,831,0,0,0,0
sparse_final,debug,4096,cold,reverse,sequential_read,5,344931,383749,474467,0,0,0,0
sparse_final,debug,4096,cold,reverse,write,5,2533046,2676873,2977136,0,0,0,0
sparse_final,debug,4096,reused,alternating_write_read,reset,5,321,831,1462,0,0,0,0
sparse_final,debug,4096,reused,alternating_write_read,write_read,5,1671555,1861301,1895323,0,0,0,0
sparse_final,debug,4096,reused,ascending,random_read,5,345291,351241,366744,0,0,0,0
sparse_final,debug,4096,reused,ascending,reset,5,221,451,771,0,0,0,0
sparse_final,debug,4096,reused,ascending,sequential_read,5,345051,372943,376589,0,0,0,0
sparse_final,debug,4096,reused,ascending,write,5,898837,983606,2379003,0,0,0,0
sparse_final,debug,4096,reused,distinct_ids,read,5,837034,910645,1048554,0,0,0,0
sparse_final,debug,4096,reused,distinct_ids,reset,5,1101,1352,1672,0,0,0,0
sparse_final,debug,4096,reused,distinct_ids,write,5,21839895,23395735,25978596,0,0,0,0
sparse_final,debug,4096,reused,large_multiqueue_suffix,prepare_suffix,5,1412924,1618074,1720418,0,0,0,0
sparse_final,debug,4096,reused,large_multiqueue_suffix,read_suffix,5,251700,264780,310889,0,0,0,0
sparse_final,debug,4096,reused,large_multiqueue_suffix,reset,5,431,551,581,0,0,0,0
sparse_final,debug,4096,reused,large_multiqueue_suffix,write_read,5,964807,976245,1252322,0,0,0,0
sparse_final,debug,4096,reused,large_single_suffix,prepare_suffix,5,755451,790193,855221,0,0,0,0
sparse_final,debug,4096,reused,large_single_suffix,read_suffix,5,246302,273403,338511,0,0,0,0
sparse_final,debug,4096,reused,large_single_suffix,reset,5,341,511,651,0,0,0,0
sparse_final,debug,4096,reused,large_single_suffix,write_read,5,707518,722091,916544,0,0,0,0
sparse_final,debug,4096,reused,multiqueue_bulk,random_read,5,348687,353744,618845,0,0,0,0
sparse_final,debug,4096,reused,multiqueue_bulk,reset,5,351,391,1112,0,0,0,0
sparse_final,debug,4096,reused,multiqueue_bulk,write,5,1560707,1611564,1660378,0,0,0,0
sparse_final,debug,4096,reused,multiqueue_last_interleave,reset,5,441,551,1022,0,0,0,0
sparse_final,debug,4096,reused,multiqueue_last_interleave,write_read,5,1883655,2090758,3354657,0,0,0,0
sparse_final,debug,4096,reused,multiqueue_nonlast_interleave,reset,5,390,681,1032,0,0,0,0
sparse_final,debug,4096,reused,multiqueue_nonlast_interleave,write_read,5,2453296,2603002,3085691,0,0,0,0
sparse_final,debug,4096,reused,random,random_read,5,347755,350680,577843,0,0,0,0
sparse_final,debug,4096,reused,random,reset,5,561,701,892,0,0,0,0
sparse_final,debug,4096,reused,random,sequential_read,5,347174,365742,614979,0,0,0,0
sparse_final,debug,4096,reused,random,write,5,2493506,2540507,2796954,0,0,0,0
sparse_final,debug,4096,reused,reverse,random_read,5,348527,364060,509720,0,0,0,0
sparse_final,debug,4096,reused,reverse,reset,5,511,541,691,0,0,0,0
sparse_final,debug,4096,reused,reverse,sequential_read,5,347094,375857,413475,0,0,0,0
sparse_final,debug,4096,reused,reverse,write,5,2606266,2663152,2847330,0,0,0,0
sparse_final,debug,8192,cold,alternating_write_read,constructor,5,746768,784916,1065359,8198,0,1048696,0
sparse_final,debug,8192,cold,alternating_write_read,reset,5,611,701,871,0,0,0,0
sparse_final,debug,8192,cold,alternating_write_read,write_read,5,3337541,3487087,3597433,0,0,0,0
sparse_final,debug,8192,cold,ascending,constructor,5,728961,823244,1101133,8198,0,1048696,0
sparse_final,debug,8192,cold,ascending,random_read,5,719296,760469,969123,0,0,0,0
sparse_final,debug,8192,cold,ascending,reset,5,611,651,802,0,0,0,0
sparse_final,debug,8192,cold,ascending,sequential_read,5,703813,738004,795842,0,0,0,0
sparse_final,debug,8192,cold,ascending,write,5,1828882,2004026,2252993,0,0,0,0
sparse_final,debug,8192,cold,distinct_ids,constructor,5,756873,814750,991036,8198,0,1048696,0
sparse_final,debug,8192,cold,distinct_ids,read,5,1689782,1848642,2081503,0,0,0,0
sparse_final,debug,8192,cold,distinct_ids,reset,5,1443,1712,2053,0,0,0,0
sparse_final,debug,8192,cold,distinct_ids,write,5,82640933,89051545,92078701,0,0,0,0
sparse_final,debug,8192,cold,large_multiqueue_suffix,constructor,5,742081,832558,905087,8198,0,1048696,0
sparse_final,debug,8192,cold,large_multiqueue_suffix,prepare_suffix,5,3059611,3298161,3534889,0,0,0,0
sparse_final,debug,8192,cold,large_multiqueue_suffix,read_suffix,5,504642,509240,628309,0,0,0,0
sparse_final,debug,8192,cold,large_multiqueue_suffix,reset,5,711,791,911,0,0,0,0
sparse_final,debug,8192,cold,large_multiqueue_suffix,write_read,5,2654049,2735521,2804906,0,0,0,0
sparse_final,debug,8192,cold,large_single_suffix,constructor,5,756021,821261,1128124,8198,0,1048696,0
sparse_final,debug,8192,cold,large_single_suffix,prepare_suffix,5,1548799,1606336,1825597,0,0,0,0
sparse_final,debug,8192,cold,large_single_suffix,read_suffix,5,495618,499454,511382,0,0,0,0
sparse_final,debug,8192,cold,large_single_suffix,reset,5,551,631,811,0,0,0,0
sparse_final,debug,8192,cold,large_single_suffix,write_read,5,2212271,2287585,3521678,0,0,0,0
sparse_final,debug,8192,cold,multiqueue_bulk,constructor,5,723713,758225,1102285,8198,0,1048696,0
sparse_final,debug,8192,cold,multiqueue_bulk,random_read,5,719928,780929,1412764,0,0,0,0
sparse_final,debug,8192,cold,multiqueue_bulk,reset,5,620,732,1281,0,0,0,0
sparse_final,debug,8192,cold,multiqueue_bulk,write,5,3877406,4148615,4801192,0,0,0,0
sparse_final,debug,8192,cold,multiqueue_last_interleave,constructor,5,799347,852208,1257790,8198,0,1048696,0
sparse_final,debug,8192,cold,multiqueue_last_interleave,reset,5,731,1001,1442,0,0,0,0
sparse_final,debug,8192,cold,multiqueue_last_interleave,write_read,5,4152492,4338483,4874192,0,0,0,0
sparse_final,debug,8192,cold,multiqueue_nonlast_interleave,constructor,5,737554,763273,911096,8198,0,1048696,0
sparse_final,debug,8192,cold,multiqueue_nonlast_interleave,reset,5,691,821,1753,0,0,0,0
sparse_final,debug,8192,cold,multiqueue_nonlast_interleave,write_read,5,4957838,5126683,5324813,0,0,0,0
sparse_final,debug,8192,cold,random,constructor,5,729972,907080,1036316,8198,0,1048696,0
sparse_final,debug,8192,cold,random,random_read,5,695650,730864,800579,0,0,0,0
sparse_final,debug,8192,cold,random,reset,5,631,801,912,0,0,0,0
sparse_final,debug,8192,cold,random,sequential_read,5,723253,773518,1129476,0,0,0,0
sparse_final,debug,8192,cold,random,write,5,5828502,6120484,7499646,0,0,0,0
sparse_final,debug,8192,cold,reverse,constructor,5,718005,748641,1288066,8198,0,1048696,0
sparse_final,debug,8192,cold,reverse,random_read,5,703243,755912,1285111,0,0,0,0
sparse_final,debug,8192,cold,reverse,reset,5,741,1002,1232,0,0,0,0
sparse_final,debug,8192,cold,reverse,sequential_read,5,712416,737594,803263,0,0,0,0
sparse_final,debug,8192,cold,reverse,write,5,7025981,7738117,9045941,0,0,0,0
sparse_final,debug,8192,reused,alternating_write_read,reset,5,451,691,952,0,0,0,0
sparse_final,debug,8192,reused,alternating_write_read,write_read,5,3367836,3403671,3872228,0,0,0,0
sparse_final,debug,8192,reused,ascending,random_read,5,712997,752297,843343,0,0,0,0
sparse_final,debug,8192,reused,ascending,reset,5,491,631,821,0,0,0,0
sparse_final,debug,8192,reused,ascending,sequential_read,5,691965,706147,911286,0,0,0,0
sparse_final,debug,8192,reused,ascending,write,5,1797885,1854761,1998348,0,0,0,0
sparse_final,debug,8192,reused,distinct_ids,read,5,1672165,1752427,2243378,0,0,0,0
sparse_final,debug,8192,reused,distinct_ids,reset,5,1423,1792,1953,0,0,0,0
sparse_final,debug,8192,reused,distinct_ids,write,5,82139556,90381623,91741668,0,0,0,0
sparse_final,debug,8192,reused,large_multiqueue_suffix,prepare_suffix,5,3130648,3277951,3622150,0,0,0,0
sparse_final,debug,8192,reused,large_multiqueue_suffix,read_suffix,5,505604,554127,829413,0,0,0,0
sparse_final,debug,8192,reused,large_multiqueue_suffix,reset,5,621,742,1112,0,0,0,0
sparse_final,debug,8192,reused,large_multiqueue_suffix,write_read,5,2587187,2811156,3663343,0,0,0,0
sparse_final,debug,8192,reused,large_single_suffix,prepare_suffix,5,1546325,1652906,1974682,0,0,0,0
sparse_final,debug,8192,reused,large_single_suffix,read_suffix,5,495689,562690,661159,0,0,0,0
sparse_final,debug,8192,reused,large_single_suffix,reset,5,500,661,681,0,0,0,0
sparse_final,debug,8192,reused,large_single_suffix,write_read,5,2120362,2188615,2457963,0,0,0,0
sparse_final,debug,8192,reused,multiqueue_bulk,random_read,5,704454,721209,1249507,0,0,0,0
sparse_final,debug,8192,reused,multiqueue_bulk,reset,5,511,631,1192,0,0,0,0
sparse_final,debug,8192,reused,multiqueue_bulk,write,5,3675752,3796304,4618065,0,0,0,0
sparse_final,debug,8192,reused,multiqueue_last_interleave,reset,5,571,981,1452,0,0,0,0
sparse_final,debug,8192,reused,multiqueue_last_interleave,write_read,5,3640308,4036226,4646317,0,0,0,0
sparse_final,debug,8192,reused,multiqueue_nonlast_interleave,reset,5,671,1032,1152,0,0,0,0
sparse_final,debug,8192,reused,multiqueue_nonlast_interleave,write_read,5,5017308,5161836,5717735,0,0,0,0
sparse_final,debug,8192,reused,random,random_read,5,705936,707559,875141,0,0,0,0
sparse_final,debug,8192,reused,random,reset,5,631,701,1452,0,0,0,0
sparse_final,debug,8192,reused,random,sequential_read,5,765135,780158,982965,0,0,0,0
sparse_final,debug,8192,reused,random,write,5,5667270,6817356,7190490,0,0,0,0
sparse_final,debug,8192,reused,reverse,random_read,5,698074,734559,797495,0,0,0,0
sparse_final,debug,8192,reused,reverse,reset,5,751,771,1162,0,0,0,0
sparse_final,debug,8192,reused,reverse,sequential_read,5,694088,723833,871546,0,0,0,0
sparse_final,debug,8192,reused,reverse,write,5,7094705,7635852,8353958,0,0,0,0
sparse_final,optimized,32,cold,alternating_write_read,constructor,5,621,641,881,38,0,4216,0
sparse_final,optimized,32,cold,alternating_write_read,reset,5,30,30,40,0,0,0,0
sparse_final,optimized,32,cold,alternating_write_read,write_read,5,1051,1082,1242,0,0,0,0
sparse_final,optimized,32,cold,ascending,constructor,5,1593,1623,22043,38,0,4216,0
sparse_final,optimized,32,cold,ascending,random_read,5,281,321,341,0,0,0,0
sparse_final,optimized,32,cold,ascending,reset,5,30,40,50,0,0,0,0
sparse_final,optimized,32,cold,ascending,sequential_read,5,300,361,1832,0,0,0,0
sparse_final,optimized,32,cold,ascending,write,5,741,771,6600,0,0,0,0
sparse_final,optimized,32,cold,distinct_ids,constructor,5,601,962,1102,38,0,4216,0
sparse_final,optimized,32,cold,distinct_ids,read,5,541,591,1002,0,0,0,0
sparse_final,optimized,32,cold,distinct_ids,reset,5,30,30,151,0,0,0,0
sparse_final,optimized,32,cold,distinct_ids,write,5,1061,1322,1462,0,0,0,0
sparse_final,optimized,32,cold,large_multiqueue_suffix,constructor,5,631,762,891,38,0,4216,0
sparse_final,optimized,32,cold,large_multiqueue_suffix,prepare_suffix,5,1021,1592,12569,0,0,0,0
sparse_final,optimized,32,cold,large_multiqueue_suffix,read_suffix,5,291,320,340,0,0,0,0
sparse_final,optimized,32,cold,large_multiqueue_suffix,reset,5,30,30,30,0,0,0,0
sparse_final,optimized,32,cold,large_multiqueue_suffix,write_read,5,551,561,641,0,0,0,0
sparse_final,optimized,32,cold,large_single_suffix,constructor,5,961,1032,2164,38,0,4216,0
sparse_final,optimized,32,cold,large_single_suffix,prepare_suffix,5,651,661,711,0,0,0,0
sparse_final,optimized,32,cold,large_single_suffix,read_suffix,5,240,260,641,0,0,0,0
sparse_final,optimized,32,cold,large_single_suffix,reset,5,30,40,70,0,0,0,0
sparse_final,optimized,32,cold,large_single_suffix,write_read,5,371,380,461,0,0,0,0
sparse_final,optimized,32,cold,multiqueue_bulk,constructor,5,601,851,871,38,0,4216,0
sparse_final,optimized,32,cold,multiqueue_bulk,random_read,5,391,431,481,0,0,0,0
sparse_final,optimized,32,cold,multiqueue_bulk,reset,5,30,30,40,0,0,0,0
sparse_final,optimized,32,cold,multiqueue_bulk,write,5,1132,1232,1442,0,0,0,0
sparse_final,optimized,32,cold,multiqueue_last_interleave,constructor,5,842,931,4276,38,0,4216,0
sparse_final,optimized,32,cold,multiqueue_last_interleave,reset,5,30,30,40,0,0,0,0
sparse_final,optimized,32,cold,multiqueue_last_interleave,write_read,5,1121,1222,1742,0,0,0,0
sparse_final,optimized,32,cold,multiqueue_nonlast_interleave,constructor,5,661,871,1022,38,0,4216,0
sparse_final,optimized,32,cold,multiqueue_nonlast_interleave,reset,5,30,30,40,0,0,0,0
sparse_final,optimized,32,cold,multiqueue_nonlast_interleave,write_read,5,1502,1532,1652,0,0,0,0
sparse_final,optimized,32,cold,random,constructor,5,641,881,1443,38,0,4216,0
sparse_final,optimized,32,cold,random,random_read,5,290,290,330,0,0,0,0
sparse_final,optimized,32,cold,random,reset,5,30,40,50,0,0,0,0
sparse_final,optimized,32,cold,random,sequential_read,5,280,301,350,0,0,0,0
sparse_final,optimized,32,cold,random,write,5,1652,1772,1893,0,0,0,0
sparse_final,optimized,32,cold,reverse,constructor,5,982,1051,1162,38,0,4216,0
sparse_final,optimized,32,cold,reverse,random_read,5,280,281,290,0,0,0,0
sparse_final,optimized,32,cold,reverse,reset,5,30,30,40,0,0,0,0
sparse_final,optimized,32,cold,reverse,sequential_read,5,290,290,431,0,0,0,0
sparse_final,optimized,32,cold,reverse,write,5,1042,1092,1201,0,0,0,0
sparse_final,optimized,32,reused,alternating_write_read,reset,5,30,30,30,0,0,0,0
sparse_final,optimized,32,reused,alternating_write_read,write_read,5,1041,1051,1212,0,0,0,0
sparse_final,optimized,32,reused,ascending,random_read,5,280,290,300,0,0,0,0
sparse_final,optimized,32,reused,ascending,reset,5,30,30,40,0,0,0,0
sparse_final,optimized,32,reused,ascending,sequential_read,5,280,291,310,0,0,0,0
sparse_final,optimized,32,reused,ascending,write,5,711,721,812,0,0,0,0
sparse_final,optimized,32,reused,distinct_ids,read,5,511,541,561,0,0,0,0
sparse_final,optimized,32,reused,distinct_ids,reset,5,30,30,40,0,0,0,0
sparse_final,optimized,32,reused,distinct_ids,write,5,1012,1142,1262,0,0,0,0
sparse_final,optimized,32,reused,large_multiqueue_suffix,prepare_suffix,5,912,1021,1072,0,0,0,0
sparse_final,optimized,32,reused,large_multiqueue_suffix,read_suffix,5,270,300,320,0,0,0,0
sparse_final,optimized,32,reused,large_multiqueue_suffix,reset,5,30,30,30,0,0,0,0
sparse_final,optimized,32,reused,large_multiqueue_suffix,write_read,5,521,541,561,0,0,0,0
sparse_final,optimized,32,reused,large_single_suffix,prepare_suffix,5,611,620,691,0,0,0,0
sparse_final,optimized,32,reused,large_single_suffix,read_suffix,5,220,230,270,0,0,0,0
sparse_final,optimized,32,reused,large_single_suffix,reset,5,30,30,30,0,0,0,0
sparse_final,optimized,32,reused,large_single_suffix,write_read,5,330,350,430,0,0,0,0
sparse_final,optimized,32,reused,multiqueue_bulk,random_read,5,301,320,371,0,0,0,0
sparse_final,optimized,32,reused,multiqueue_bulk,reset,5,30,30,30,0,0,0,0
sparse_final,optimized,32,reused,multiqueue_bulk,write,5,1031,1072,1162,0,0,0,0
sparse_final,optimized,32,reused,multiqueue_last_interleave,reset,5,30,30,40,0,0,0,0
sparse_final,optimized,32,reused,multiqueue_last_interleave,write_read,5,1082,1111,1142,0,0,0,0
sparse_final,optimized,32,reused,multiqueue_nonlast_interleave,reset,5,30,30,40,0,0,0,0
sparse_final,optimized,32,reused,multiqueue_nonlast_interleave,write_read,5,1412,1452,1472,0,0,0,0
sparse_final,optimized,32,reused,random,random_read,5,280,290,291,0,0,0,0
sparse_final,optimized,32,reused,random,reset,5,30,30,30,0,0,0,0
sparse_final,optimized,32,reused,random,sequential_read,5,291,291,360,0,0,0,0
sparse_final,optimized,32,reused,random,write,5,1042,1392,1953,0,0,0,0
sparse_final,optimized,32,reused,reverse,random_read,5,280,291,310,0,0,0,0
sparse_final,optimized,32,reused,reverse,reset,5,30,30,40,0,0,0,0
sparse_final,optimized,32,reused,reverse,sequential_read,5,280,290,401,0,0,0,0
sparse_final,optimized,32,reused,reverse,write,5,931,1071,1182,0,0,0,0
sparse_final,optimized,128,cold,alternating_write_read,constructor,5,2143,2243,2734,134,0,16504,0
sparse_final,optimized,128,cold,alternating_write_read,reset,5,30,30,30,0,0,0,0
sparse_final,optimized,128,cold,alternating_write_read,write_read,5,4006,4026,4276,0,0,0,0
sparse_final,optimized,128,cold,ascending,constructor,5,4848,5008,7462,134,0,16504,0
sparse_final,optimized,128,cold,ascending,random_read,5,1032,1042,1122,0,0,0,0
sparse_final,optimized,128,cold,ascending,reset,5,30,30,40,0,0,0,0
sparse_final,optimized,128,cold,ascending,sequential_read,5,1051,1072,1092,0,0,0,0
sparse_final,optimized,128,cold,ascending,write,5,2624,2664,2674,0,0,0,0
sparse_final,optimized,128,cold,distinct_ids,constructor,5,2854,3385,3615,134,0,16504,0
sparse_final,optimized,128,cold,distinct_ids,read,5,2064,2134,2184,0,0,0,0
sparse_final,optimized,128,cold,distinct_ids,reset,5,30,40,160,0,0,0,0
sparse_final,optimized,128,cold,distinct_ids,write,5,7952,8372,8583,0,0,0,0
sparse_final,optimized,128,cold,large_multiqueue_suffix,constructor,5,2214,2283,2433,134,0,16504,0
sparse_final,optimized,128,cold,large_multiqueue_suffix,prepare_suffix,5,3846,4026,4407,0,0,0,0
sparse_final,optimized,128,cold,large_multiqueue_suffix,read_suffix,5,832,892,921,0,0,0,0
sparse_final,optimized,128,cold,large_multiqueue_suffix,reset,5,30,30,40,0,0,0,0
sparse_final,optimized,128,cold,large_multiqueue_suffix,write_read,5,2323,2324,2373,0,0,0,0
sparse_final,optimized,128,cold,large_single_suffix,constructor,5,2404,2534,9124,134,0,16504,0
sparse_final,optimized,128,cold,large_single_suffix,prepare_suffix,5,2173,2193,2283,0,0,0,0
sparse_final,optimized,128,cold,large_single_suffix,read_suffix,5,781,802,831,0,0,0,0
sparse_final,optimized,128,cold,large_single_suffix,reset,5,30,40,40,0,0,0,0
sparse_final,optimized,128,cold,large_single_suffix,write_read,5,1612,1633,1723,0,0,0,0
sparse_final,optimized,128,cold,multiqueue_bulk,constructor,5,2204,3045,3094,134,0,16504,0
sparse_final,optimized,128,cold,multiqueue_bulk,random_read,5,1172,1191,1211,0,0,0,0
sparse_final,optimized,128,cold,multiqueue_bulk,reset,5,30,30,40,0,0,0,0
sparse_final,optimized,128,cold,multiqueue_bulk,write,5,4096,4276,4317,0,0,0,0
sparse_final,optimized,128,cold,multiqueue_last_interleave,constructor,5,2324,2414,8122,134,0,16504,0
sparse_final,optimized,128,cold,multiqueue_last_interleave,reset,5,30,31,40,0,0,0,0
sparse_final,optimized,128,cold,multiqueue_last_interleave,write_read,5,4246,4367,4556,0,0,0,0
sparse_final,optimized,128,cold,multiqueue_nonlast_interleave,constructor,5,2284,3235,3345,134,0,16504,0
sparse_final,optimized,128,cold,multiqueue_nonlast_interleave,reset,5,30,30,30,0,0,0,0
sparse_final,optimized,128,cold,multiqueue_nonlast_interleave,write_read,5,5789,5798,5869,0,0,0,0
sparse_final,optimized,128,cold,random,constructor,5,3094,3125,3285,134,0,16504,0
sparse_final,optimized,128,cold,random,random_read,5,1021,1041,1081,0,0,0,0
sparse_final,optimized,128,cold,random,reset,5,30,30,40,0,0,0,0
sparse_final,optimized,128,cold,random,sequential_read,5,1022,1062,1071,0,0,0,0
sparse_final,optimized,128,cold,random,write,5,4477,8042,8333,0,0,0,0
sparse_final,optimized,128,cold,reverse,constructor,5,3245,3265,3295,134,0,16504,0
sparse_final,optimized,128,cold,reverse,random_read,5,1021,1051,1102,0,0,0,0
sparse_final,optimized,128,cold,reverse,reset,5,30,30,40,0,0,0,0
sparse_final,optimized,128,cold,reverse,sequential_read,5,1022,1022,1062,0,0,0,0
sparse_final,optimized,128,cold,reverse,write,5,4366,4497,4547,0,0,0,0
sparse_final,optimized,128,reused,alternating_write_read,reset,5,30,30,40,0,0,0,0
sparse_final,optimized,128,reused,alternating_write_read,write_read,5,3976,3986,4066,0,0,0,0
sparse_final,optimized,128,reused,ascending,random_read,5,1031,1071,1072,0,0,0,0
sparse_final,optimized,128,reused,ascending,reset,5,30,30,30,0,0,0,0
sparse_final,optimized,128,reused,ascending,sequential_read,5,1022,1041,1071,0,0,0,0
sparse_final,optimized,128,reused,ascending,write,5,2614,2634,2674,0,0,0,0
sparse_final,optimized,128,reused,distinct_ids,read,5,2083,2113,2214,0,0,0,0
sparse_final,optimized,128,reused,distinct_ids,reset,5,30,30,40,0,0,0,0
sparse_final,optimized,128,reused,distinct_ids,write,5,7862,8032,8073,0,0,0,0
sparse_final,optimized,128,reused,large_multiqueue_suffix,prepare_suffix,5,3746,3876,4026,0,0,0,0
sparse_final,optimized,128,reused,large_multiqueue_suffix,read_suffix,5,842,861,1553,0,0,0,0
sparse_final,optimized,128,reused,large_multiqueue_suffix,reset,5,30,30,90,0,0,0,0
sparse_final,optimized,128,reused,large_multiqueue_suffix,write_read,5,2323,2324,2354,0,0,0,0
sparse_final,optimized,128,reused,large_single_suffix,prepare_suffix,5,2133,2153,2244,0,0,0,0
sparse_final,optimized,128,reused,large_single_suffix,read_suffix,5,771,771,781,0,0,0,0
sparse_final,optimized,128,reused,large_single_suffix,reset,5,30,30,30,0,0,0,0
sparse_final,optimized,128,reused,large_single_suffix,write_read,5,1512,1532,1542,0,0,0,0
sparse_final,optimized,128,reused,multiqueue_bulk,random_read,5,1092,1102,1172,0,0,0,0
sparse_final,optimized,128,reused,multiqueue_bulk,reset,5,30,30,30,0,0,0,0
sparse_final,optimized,128,reused,multiqueue_bulk,write,5,3946,4086,4196,0,0,0,0
sparse_final,optimized,128,reused,multiqueue_last_interleave,reset,5,30,30,30,0,0,0,0
sparse_final,optimized,128,reused,multiqueue_last_interleave,write_read,5,4196,4316,4397,0,0,0,0
sparse_final,optimized,128,reused,multiqueue_nonlast_interleave,reset,5,30,30,40,0,0,0,0
sparse_final,optimized,128,reused,multiqueue_nonlast_interleave,write_read,5,5719,5769,5789,0,0,0,0
sparse_final,optimized,128,reused,random,random_read,5,1031,1042,1923,0,0,0,0
sparse_final,optimized,128,reused,random,reset,5,30,30,40,0,0,0,0
sparse_final,optimized,128,reused,random,sequential_read,5,1022,1022,1091,0,0,0,0
sparse_final,optimized,128,reused,random,write,5,4146,4947,5699,0,0,0,0
sparse_final,optimized,128,reused,reverse,random_read,5,1012,1052,1082,0,0,0,0
sparse_final,optimized,128,reused,reverse,reset,5,30,30,30,0,0,0,0
sparse_final,optimized,128,reused,reverse,sequential_read,5,1021,1031,1091,0,0,0,0
sparse_final,optimized,128,reused,reverse,write,5,4276,4487,4497,0,0,0,0
sparse_final,optimized,512,cold,alternating_write_read,constructor,5,8273,8453,8603,518,0,65656,0
sparse_final,optimized,512,cold,alternating_write_read,reset,5,30,30,40,0,0,0,0
sparse_final,optimized,512,cold,alternating_write_read,write_read,5,15814,15844,16034,0,0,0,0
sparse_final,optimized,512,cold,ascending,constructor,5,17776,17987,20070,518,0,65656,0
sparse_final,optimized,512,cold,ascending,random_read,5,4066,4116,7602,0,0,0,0
sparse_final,optimized,512,cold,ascending,reset,5,30,40,40,0,0,0,0
sparse_final,optimized,512,cold,ascending,sequential_read,5,4026,4046,23024,0,0,0,0
sparse_final,optimized,512,cold,ascending,write,5,10325,10386,10466,0,0,0,0
sparse_final,optimized,512,cold,distinct_ids,constructor,5,10806,12168,24648,518,0,65656,0
sparse_final,optimized,512,cold,distinct_ids,read,5,8512,8572,8633,0,0,0,0
sparse_final,optimized,512,cold,distinct_ids,reset,5,30,30,40,0,0,0,0
sparse_final,optimized,512,cold,distinct_ids,write,5,86251,86410,86832,0,0,0,0
sparse_final,optimized,512,cold,large_multiqueue_suffix,constructor,5,8483,8513,8613,518,0,65656,0
sparse_final,optimized,512,cold,large_multiqueue_suffix,prepare_suffix,5,17477,17947,18237,0,0,0,0
sparse_final,optimized,512,cold,large_multiqueue_suffix,read_suffix,5,3044,3075,3245,0,0,0,0
sparse_final,optimized,512,cold,large_multiqueue_suffix,reset,5,30,30,41,0,0,0,0
sparse_final,optimized,512,cold,large_multiqueue_suffix,write_read,5,11898,12018,12038,0,0,0,0
sparse_final,optimized,512,cold,large_single_suffix,constructor,5,7571,8172,35474,518,0,65656,0
sparse_final,optimized,512,cold,large_single_suffix,prepare_suffix,5,8402,8413,8463,0,0,0,0
sparse_final,optimized,512,cold,large_single_suffix,read_suffix,5,2994,3024,3035,0,0,0,0
sparse_final,optimized,512,cold,large_single_suffix,reset,5,30,40,40,0,0,0,0
sparse_final,optimized,512,cold,large_single_suffix,write_read,5,8723,8794,8933,0,0,0,0
sparse_final,optimized,512,cold,multiqueue_bulk,constructor,5,8523,11398,14693,518,0,65656,0
sparse_final,optimized,512,cold,multiqueue_bulk,random_read,5,4256,4337,4367,0,0,0,0
sparse_final,optimized,512,cold,multiqueue_bulk,reset,5,30,30,40,0,0,0,0
sparse_final,optimized,512,cold,multiqueue_bulk,write,5,19709,19900,20030,0,0,0,0
sparse_final,optimized,512,cold,multiqueue_last_interleave,constructor,5,7291,7852,36135,518,0,65656,0
sparse_final,optimized,512,cold,multiqueue_last_interleave,reset,5,30,30,50,0,0,0,0
sparse_final,optimized,512,cold,multiqueue_last_interleave,write_read,5,16806,16856,42515,0,0,0,0
sparse_final,optimized,512,cold,multiqueue_nonlast_interleave,constructor,5,8903,11497,20371,518,0,65656,0
sparse_final,optimized,512,cold,multiqueue_nonlast_interleave,reset,5,30,30,40,0,0,0,0
sparse_final,optimized,512,cold,multiqueue_nonlast_interleave,write_read,5,23516,23566,23686,0,0,0,0
sparse_final,optimized,512,cold,random,constructor,5,10766,11818,12488,518,0,65656,0
sparse_final,optimized,512,cold,random,random_read,5,4016,4026,7691,0,0,0,0
sparse_final,optimized,512,cold,random,reset,5,30,40,40,0,0,0,0
sparse_final,optimized,512,cold,random,sequential_read,5,4016,4036,4086,0,0,0,0
sparse_final,optimized,512,cold,random,write,5,32098,36645,39990,0,0,0,0
sparse_final,optimized,512,cold,reverse,constructor,5,10816,12209,12419,518,0,65656,0
sparse_final,optimized,512,cold,reverse,random_read,5,4066,4076,4226,0,0,0,0
sparse_final,optimized,512,cold,reverse,reset,5,30,30,31,0,0,0,0
sparse_final,optimized,512,cold,reverse,sequential_read,5,3966,3986,4026,0,0,0,0
sparse_final,optimized,512,cold,reverse,write,5,25329,25658,25929,0,0,0,0
sparse_final,optimized,512,reused,alternating_write_read,reset,5,30,30,40,0,0,0,0
sparse_final,optimized,512,reused,alternating_write_read,write_read,5,15794,15804,231870,0,0,0,0
sparse_final,optimized,512,reused,ascending,random_read,5,4056,4086,4106,0,0,0,0
sparse_final,optimized,512,reused,ascending,reset,5,30,30,40,0,0,0,0
sparse_final,optimized,512,reused,ascending,sequential_read,5,3956,3986,4016,0,0,0,0
sparse_final,optimized,512,reused,ascending,write,5,10295,10296,10366,0,0,0,0
sparse_final,optimized,512,reused,distinct_ids,read,5,8493,8553,8923,0,0,0,0
sparse_final,optimized,512,reused,distinct_ids,reset,5,30,30,30,0,0,0,0
sparse_final,optimized,512,reused,distinct_ids,write,5,85999,86050,99039,0,0,0,0
sparse_final,optimized,512,reused,large_multiqueue_suffix,prepare_suffix,5,17176,17427,19529,0,0,0,0
sparse_final,optimized,512,reused,large_multiqueue_suffix,read_suffix,5,3014,3064,3105,0,0,0,0
sparse_final,optimized,512,reused,large_multiqueue_suffix,reset,5,30,30,30,0,0,0,0
sparse_final,optimized,512,reused,large_multiqueue_suffix,write_read,5,11888,11918,15013,0,0,0,0
sparse_final,optimized,512,reused,large_single_suffix,prepare_suffix,5,8342,8353,8443,0,0,0,0
sparse_final,optimized,512,reused,large_single_suffix,read_suffix,5,2944,2955,2975,0,0,0,0
sparse_final,optimized,512,reused,large_single_suffix,reset,5,30,30,40,0,0,0,0
sparse_final,optimized,512,reused,large_single_suffix,write_read,5,8513,8673,8713,0,0,0,0
sparse_final,optimized,512,reused,multiqueue_bulk,random_read,5,4176,4227,4266,0,0,0,0
sparse_final,optimized,512,reused,multiqueue_bulk,reset,5,30,30,30,0,0,0,0
sparse_final,optimized,512,reused,multiqueue_bulk,write,5,19569,19670,19710,0,0,0,0
sparse_final,optimized,512,reused,multiqueue_last_interleave,reset,5,30,30,40,0,0,0,0
sparse_final,optimized,512,reused,multiqueue_last_interleave,write_read,5,16715,16735,18138,0,0,0,0
sparse_final,optimized,512,reused,multiqueue_nonlast_interleave,reset,5,30,30,40,0,0,0,0
sparse_final,optimized,512,reused,multiqueue_nonlast_interleave,write_read,5,23235,23385,23616,0,0,0,0
sparse_final,optimized,512,reused,random,random_read,5,4026,4056,4116,0,0,0,0
sparse_final,optimized,512,reused,random,reset,5,30,30,40,0,0,0,0
sparse_final,optimized,512,reused,random,sequential_read,5,3996,4076,4146,0,0,0,0
sparse_final,optimized,512,reused,random,write,5,24647,29645,38178,0,0,0,0
sparse_final,optimized,512,reused,reverse,random_read,5,4056,4066,4096,0,0,0,0
sparse_final,optimized,512,reused,reverse,reset,5,30,30,31,0,0,0,0
sparse_final,optimized,512,reused,reverse,sequential_read,5,3936,3946,4056,0,0,0,0
sparse_final,optimized,512,reused,reverse,write,5,25288,25569,25689,0,0,0,0
sparse_final,optimized,4096,cold,alternating_write_read,constructor,5,57417,57698,332132,4102,0,524408,0
sparse_final,optimized,4096,cold,alternating_write_read,reset,5,30,30,50,0,0,0,0
sparse_final,optimized,4096,cold,alternating_write_read,write_read,5,126030,126481,245811,0,0,0,0
sparse_final,optimized,4096,cold,ascending,constructor,5,58999,61212,67682,4102,0,524408,0
sparse_final,optimized,4096,cold,ascending,random_read,5,32439,32499,214173,0,0,0,0
sparse_final,optimized,4096,cold,ascending,reset,5,40,40,51,0,0,0,0
sparse_final,optimized,4096,cold,ascending,sequential_read,5,31568,31718,32148,0,0,0,0
sparse_final,optimized,4096,cold,ascending,write,5,82244,82364,82765,0,0,0,0
sparse_final,optimized,4096,cold,distinct_ids,constructor,5,57066,57827,450701,4102,0,524408,0
sparse_final,optimized,4096,cold,distinct_ids,read,5,69245,69635,76906,0,0,0,0
sparse_final,optimized,4096,cold,distinct_ids,reset,5,50,70,180,0,0,0,0
sparse_final,optimized,4096,cold,distinct_ids,write,5,5138501,5414397,10702253,0,0,0,0
sparse_final,optimized,4096,cold,large_multiqueue_suffix,constructor,5,57667,58048,58658,4102,0,524408,0
sparse_final,optimized,4096,cold,large_multiqueue_suffix,prepare_suffix,5,261505,289367,307284,0,0,0,0
sparse_final,optimized,4096,cold,large_multiqueue_suffix,read_suffix,5,24998,25238,27171,0,0,0,0
sparse_final,optimized,4096,cold,large_multiqueue_suffix,reset,5,30,40,50,0,0,0,0
sparse_final,optimized,4096,cold,large_multiqueue_suffix,write_read,5,285622,314745,465022,0,0,0,0
sparse_final,optimized,4096,cold,large_single_suffix,constructor,5,69535,72019,164889,4102,0,524408,0
sparse_final,optimized,4096,cold,large_single_suffix,prepare_suffix,5,66951,67161,67271,0,0,0,0
sparse_final,optimized,4096,cold,large_single_suffix,read_suffix,5,23305,23356,23485,0,0,0,0
sparse_final,optimized,4096,cold,large_single_suffix,reset,5,40,40,51,0,0,0,0
sparse_final,optimized,4096,cold,large_single_suffix,write_read,5,255225,268726,345992,0,0,0,0
sparse_final,optimized,4096,cold,multiqueue_bulk,constructor,5,56466,56956,61413,4102,0,524408,0
sparse_final,optimized,4096,cold,multiqueue_bulk,random_read,5,34983,37547,96186,0,0,0,0
sparse_final,optimized,4096,cold,multiqueue_bulk,reset,5,30,40,50,0,0,0,0
sparse_final,optimized,4096,cold,multiqueue_bulk,write,5,339753,370450,509600,0,0,0,0
sparse_final,optimized,4096,cold,multiqueue_last_interleave,constructor,5,69305,72660,126230,4102,0,524408,0
sparse_final,optimized,4096,cold,multiqueue_last_interleave,reset,5,30,40,40,0,0,0,0
sparse_final,optimized,4096,cold,multiqueue_last_interleave,write_read,5,134493,134733,160983,0,0,0,0
sparse_final,optimized,4096,cold,multiqueue_nonlast_interleave,constructor,5,56155,57647,59830,4102,0,524408,0
sparse_final,optimized,4096,cold,multiqueue_nonlast_interleave,reset,5,30,40,50,0,0,0,0
sparse_final,optimized,4096,cold,multiqueue_nonlast_interleave,write_read,5,185620,187112,240604,0,0,0,0
sparse_final,optimized,4096,cold,random,constructor,5,56906,57137,115114,4102,0,524408,0
sparse_final,optimized,4096,cold,random,random_read,5,31878,31968,32088,0,0,0,0
sparse_final,optimized,4096,cold,random,reset,5,30,40,50,0,0,0,0
sparse_final,optimized,4096,cold,random,sequential_read,5,31608,31708,76435,0,0,0,0
sparse_final,optimized,4096,cold,random,write,5,623151,671344,688590,0,0,0,0
sparse_final,optimized,4096,cold,reverse,constructor,5,56716,57187,81933,4102,0,524408,0
sparse_final,optimized,4096,cold,reverse,random_read,5,32078,32108,32439,0,0,0,0
sparse_final,optimized,4096,cold,reverse,reset,5,30,40,40,0,0,0,0
sparse_final,optimized,4096,cold,reverse,sequential_read,5,31428,31568,46821,0,0,0,0
sparse_final,optimized,4096,cold,reverse,write,5,753147,767930,819468,0,0,0,0
sparse_final,optimized,4096,reused,alternating_write_read,reset,5,30,30,160,0,0,0,0
sparse_final,optimized,4096,reused,alternating_write_read,write_read,5,125821,126781,163457,0,0,0,0
sparse_final,optimized,4096,reused,ascending,random_read,5,32399,32609,93351,0,0,0,0
sparse_final,optimized,4096,reused,ascending,reset,5,30,30,40,0,0,0,0
sparse_final,optimized,4096,reused,ascending,sequential_read,5,31327,31437,31648,0,0,0,0
sparse_final,optimized,4096,reused,ascending,write,5,82104,82374,98499,0,0,0,0
sparse_final,optimized,4096,reused,distinct_ids,read,5,68173,70967,78849,0,0,0,0
sparse_final,optimized,4096,reused,distinct_ids,reset,5,30,60,80,0,0,0,0
sparse_final,optimized,4096,reused,distinct_ids,write,5,4874201,5436500,5717224,0,0,0,0
sparse_final,optimized,4096,reused,large_multiqueue_suffix,prepare_suffix,5,261816,273202,318862,0,0,0,0
sparse_final,optimized,4096,reused,large_multiqueue_suffix,read_suffix,5,24207,24457,25148,0,0,0,0
sparse_final,optimized,4096,reused,large_multiqueue_suffix,reset,5,30,40,160,0,0,0,0
sparse_final,optimized,4096,reused,large_multiqueue_suffix,write_read,5,285041,285952,319813,0,0,0,0
sparse_final,optimized,4096,reused,large_single_suffix,prepare_suffix,5,66861,114463,273633,0,0,0,0
sparse_final,optimized,4096,reused,large_single_suffix,read_suffix,5,23245,23345,23836,0,0,0,0
sparse_final,optimized,4096,reused,large_single_suffix,reset,5,30,40,50,0,0,0,0
sparse_final,optimized,4096,reused,large_single_suffix,write_read,5,255135,255576,316177,0,0,0,0
sparse_final,optimized,4096,reused,multiqueue_bulk,random_read,5,34172,34853,35664,0,0,0,0
sparse_final,optimized,4096,reused,multiqueue_bulk,reset,5,30,50,60,0,0,0,0
sparse_final,optimized,4096,reused,multiqueue_bulk,write,5,340233,364360,623031,0,0,0,0
sparse_final,optimized,4096,reused,multiqueue_last_interleave,reset,5,30,30,50,0,0,0,0
sparse_final,optimized,4096,reused,multiqueue_last_interleave,write_read,5,133942,134233,175145,0,0,0,0
sparse_final,optimized,4096,reused,multiqueue_nonlast_interleave,reset,5,30,30,60,0,0,0,0
sparse_final,optimized,4096,reused,multiqueue_nonlast_interleave,write_read,5,185130,187423,533886,0,0,0,0
sparse_final,optimized,4096,reused,random,random_read,5,31948,32159,32319,0,0,0,0
sparse_final,optimized,4096,reused,random,reset,5,30,30,50,0,0,0,0
sparse_final,optimized,4096,reused,random,sequential_read,5,31648,31688,31938,0,0,0,0
sparse_final,optimized,4096,reused,random,write,5,595459,606316,742862,0,0,0,0
sparse_final,optimized,4096,reused,reverse,random_read,5,32098,32158,32258,0,0,0,0
sparse_final,optimized,4096,reused,reverse,reset,5,31,40,50,0,0,0,0
sparse_final,optimized,4096,reused,reverse,sequential_read,5,31448,31478,31758,0,0,0,0
sparse_final,optimized,4096,reused,reverse,write,5,753278,838125,2360205,0,0,0,0
sparse_final,optimized,8192,cold,alternating_write_read,constructor,5,118849,127753,182686,8198,0,1048696,0
sparse_final,optimized,8192,cold,alternating_write_read,reset,5,40,50,71,0,0,0,0
sparse_final,optimized,8192,cold,alternating_write_read,write_read,5,254134,304259,389048,0,0,0,0
sparse_final,optimized,8192,cold,ascending,constructor,5,129415,134343,444511,8198,0,1048696,0
sparse_final,optimized,8192,cold,ascending,random_read,5,65699,65829,66460,0,0,0,0
sparse_final,optimized,8192,cold,ascending,reset,5,40,50,50,0,0,0,0
sparse_final,optimized,8192,cold,ascending,sequential_read,5,62995,63275,63827,0,0,0,0
sparse_final,optimized,8192,cold,ascending,write,5,165280,165810,271871,0,0,0,0
sparse_final,optimized,8192,cold,distinct_ids,constructor,5,129736,132320,257048,8198,0,1048696,0
sparse_final,optimized,8192,cold,distinct_ids,read,5,144548,148675,193172,0,0,0,0
sparse_final,optimized,8192,cold,distinct_ids,reset,5,50,300,311,0,0,0,0
sparse_final,optimized,8192,cold,distinct_ids,write,5,19710058,21061940,21558759,0,0,0,0
sparse_final,optimized,8192,cold,large_multiqueue_suffix,constructor,5,125079,167653,228665,8198,0,1048696,0
sparse_final,optimized,8192,cold,large_multiqueue_suffix,prepare_suffix,5,828761,873209,1892839,0,0,0,0
sparse_final,optimized,8192,cold,large_multiqueue_suffix,read_suffix,5,52510,55714,98618,0,0,0,0
sparse_final,optimized,8192,cold,large_multiqueue_suffix,reset,5,30,50,50,0,0,0,0
sparse_final,optimized,8192,cold,large_multiqueue_suffix,write_read,5,1311851,1449619,1554167,0,0,0,0
sparse_final,optimized,8192,cold,large_single_suffix,constructor,5,141804,146120,427726,8198,0,1048696,0
sparse_final,optimized,8192,cold,large_single_suffix,prepare_suffix,5,133151,133421,145520,0,0,0,0
sparse_final,optimized,8192,cold,large_single_suffix,read_suffix,5,46670,47161,66029,0,0,0,0
sparse_final,optimized,8192,cold,large_single_suffix,reset,5,40,51,51,0,0,0,0
sparse_final,optimized,8192,cold,large_single_suffix,write_read,5,1275676,1403119,1589951,0,0,0,0
sparse_final,optimized,8192,cold,multiqueue_bulk,constructor,5,114733,117958,192060,8198,0,1048696,0
sparse_final,optimized,8192,cold,multiqueue_bulk,random_read,5,70216,71538,72970,0,0,0,0
sparse_final,optimized,8192,cold,multiqueue_bulk,reset,5,30,60,170,0,0,0,0
sparse_final,optimized,8192,cold,multiqueue_bulk,write,5,1258000,1290088,1529940,0,0,0,0
sparse_final,optimized,8192,cold,multiqueue_last_interleave,constructor,5,141875,145380,551242,8198,0,1048696,0
sparse_final,optimized,8192,cold,multiqueue_last_interleave,reset,5,30,40,181,0,0,0,0
sparse_final,optimized,8192,cold,multiqueue_last_interleave,write_read,5,324911,370840,512464,0,0,0,0
sparse_final,optimized,8192,cold,multiqueue_nonlast_interleave,constructor,5,119650,133191,409558,8198,0,1048696,0
sparse_final,optimized,8192,cold,multiqueue_nonlast_interleave,reset,5,30,40,481,0,0,0,0
sparse_final,optimized,8192,cold,multiqueue_nonlast_interleave,write_read,5,372552,374525,468567,0,0,0,0
sparse_final,optimized,8192,cold,random,constructor,5,122275,125320,251671,8198,0,1048696,0
sparse_final,optimized,8192,cold,random,random_read,5,64297,64417,64768,0,0,0,0
sparse_final,optimized,8192,cold,random,reset,5,40,40,50,0,0,0,0
sparse_final,optimized,8192,cold,random,sequential_read,5,64407,64698,65229,0,0,0,0
sparse_final,optimized,8192,cold,random,write,5,2021863,2300624,2445533,0,0,0,0
sparse_final,optimized,8192,cold,reverse,constructor,5,115384,118650,281665,8198,0,1048696,0
sparse_final,optimized,8192,cold,reverse,random_read,5,65088,65308,66230,0,0,0,0
sparse_final,optimized,8192,cold,reverse,reset,5,40,40,50,0,0,0,0
sparse_final,optimized,8192,cold,reverse,sequential_read,5,63105,63556,64037,0,0,0,0
sparse_final,optimized,8192,cold,reverse,write,5,3543082,3716713,4072921,0,0,0,0
sparse_final,optimized,8192,reused,alternating_write_read,reset,5,30,30,50,0,0,0,0
sparse_final,optimized,8192,reused,alternating_write_read,write_read,5,251039,287875,332412,0,0,0,0
sparse_final,optimized,8192,reused,ascending,random_read,5,65779,66571,132440,0,0,0,0
sparse_final,optimized,8192,reused,ascending,reset,5,30,30,40,0,0,0,0
sparse_final,optimized,8192,reused,ascending,sequential_read,5,62785,63096,129636,0,0,0,0
sparse_final,optimized,8192,reused,ascending,write,5,164508,179552,355968,0,0,0,0
sparse_final,optimized,8192,reused,distinct_ids,read,5,147113,154023,224630,0,0,0,0
sparse_final,optimized,8192,reused,distinct_ids,reset,5,60,250,391,0,0,0,0
sparse_final,optimized,8192,reused,distinct_ids,write,5,19871131,21217835,21618084,0,0,0,0
sparse_final,optimized,8192,reused,large_multiqueue_suffix,prepare_suffix,5,840469,852577,909483,0,0,0,0
sparse_final,optimized,8192,reused,large_multiqueue_suffix,read_suffix,5,51678,55955,73290,0,0,0,0
sparse_final,optimized,8192,reused,large_multiqueue_suffix,reset,5,30,40,51,0,0,0,0
sparse_final,optimized,8192,reused,large_multiqueue_suffix,write_read,5,1306553,1677633,2081064,0,0,0,0
sparse_final,optimized,8192,reused,large_single_suffix,prepare_suffix,5,133572,134483,144799,0,0,0,0
sparse_final,optimized,8192,reused,large_single_suffix,read_suffix,5,46370,46981,109044,0,0,0,0
sparse_final,optimized,8192,reused,large_single_suffix,reset,5,30,40,50,0,0,0,0
sparse_final,optimized,8192,reused,large_single_suffix,write_read,5,1285632,1293363,1365262,0,0,0,0
sparse_final,optimized,8192,reused,multiqueue_bulk,random_read,5,70166,71528,120853,0,0,0,0
sparse_final,optimized,8192,reused,multiqueue_bulk,reset,5,30,50,70,0,0,0,0
sparse_final,optimized,8192,reused,multiqueue_bulk,write,5,1240193,1282067,1450450,0,0,0,0
sparse_final,optimized,8192,reused,multiqueue_last_interleave,reset,5,30,30,40,0,0,0,0
sparse_final,optimized,8192,reused,multiqueue_last_interleave,write_read,5,267684,363720,742091,0,0,0,0
sparse_final,optimized,8192,reused,multiqueue_nonlast_interleave,reset,5,30,40,70,0,0,0,0
sparse_final,optimized,8192,reused,multiqueue_nonlast_interleave,write_read,5,381446,455188,550010,0,0,0,0
sparse_final,optimized,8192,reused,random,random_read,5,64197,64347,64808,0,0,0,0
sparse_final,optimized,8192,reused,random,reset,5,30,40,41,0,0,0,0
sparse_final,optimized,8192,reused,random,sequential_read,5,64107,64307,65429,0,0,0,0
sparse_final,optimized,8192,reused,random,write,5,1944857,2005118,2799108,0,0,0,0
sparse_final,optimized,8192,reused,reverse,random_read,5,65158,65299,66180,0,0,0,0
sparse_final,optimized,8192,reused,reverse,reset,5,30,30,51,0,0,0,0
sparse_final,optimized,8192,reused,reverse,sequential_read,5,63045,63285,63436,0,0,0,0
sparse_final,optimized,8192,reused,reverse,write,5,3355528,3540667,3849484,0,0,0,0
